item,food_type,food_type_name,secondary_code_raw,mass_g,kcal,protein_g,carb_g,fat_g,sat_fat_g,sodium_mg,potassium_mg,magnesium_mg,iron_mg,zinc_mg,calcium_mg,phosphorus_mg,fiber_g,source_page,data_quality_notes
Almonds,NF,Natural Form,HФ,45,243,11,11,20.00,1.80,1.67,343,131,1.9,1.5,126,223,6.5,10,
Apple Cider,B,Beverage,H,28.7,112.5,0.04,28,0.00,0.00,26.6,2.9,0.8,0,0,72,32,0,10,
Apples with Spice,T,Thermostabilized,T/O,143,137.28,0.4,35.42,0.00,0.00,151.29,133.56,3.56,0.31,0.13,6.05,8.37,1.64,10,
Applesauce,T,Thermostabilized,T/O,128,132,0.13,34,0.05,0.00,9.22,61,2.8,0.1,0,4.6,7,1.5,10,
Apricot Cobbler,T,Thermostabilized,T/O,170,330,2.8,66,7.30,3.00,79,287,12,0.61,0.24,21,36,2.7,10,
Asparagus,R,Rehydratable,C/P,8.4,22,3,4,0.16,0.00,0.9,263,14.5,0.48,0.68,34,66,1.8,10,
Baked Beans,T,Thermostabilized,T/O,142,158,7,37,0.65,0.00,298,293,34,2.1,1.7,80,76,6,10,
Banana Pudding,R,Rehydratable,C/P,114,124,2,27,0.80,0.00,111,98,6,0,0,61,48,0,10,
Barbecued Beef Brisket,I,Irradiated,C/O,118,231,29,14,6.60,2.42,514,465,28,2.8,5.31,12,215,0,10,
Beef Fajitas,I,Irradiated,C/O,125,187,31,8,4.80,2.00,841,500,38,2.9,4,23,238,3,10,
Beef Pattie,R,Rehydratable,C/P,24,89.4,13.9,1,3.30,1.70,272,232.6,14.1,1.9,3,2.9,119.7,0,10,
Beef Steak,I,Irradiated,C/O,100,208,27,1,10.86,4.70,492.3,416,26,2.98,6.32,5.4,337.5,0,10,
Beef Stew,T,Thermostabilized,T/O,198,150.5,19.6,12.3,4.00,1.70,416.2,482,28,1.9,4.69,18.8,165,2.9,10,
Beef Tips w/ Mushrooms,I,Irradiated,C/O,138,182.2,30.9,7.1,5.20,2.20,419.9,343.9,28.7,4.5,5.1,35.1,209.7,4.3,10,
Berry Medley,R,Rehydratable,C/P,31,105,1,27,0.00,0.00,1.1,165,17,0.53,0.17,26,23,2.3,10,
Black Beans,T,Thermostabilized,T/O,170,114,9,26,0.66,0.00,271,635,66,2.8,1.05,72,173,8,10,
Blueberry Raspberry Yogurt,T,Thermostabilized,T/O,140,120,3.5,26,0.24,0.00,42,162,12,0,0,109,88,0,10,
Bran Chex,R,Rehydratable,C/P,40,135,5,31,0.19,0.00,246,276,53,12,3.5,193,192,3.2,10,
Bread Pudding,T,Thermostabilized,T/O,170,219,8.8,47,0.10,0.00,226,197,21,1.26,0.7,90,91,1.1,10,
Breakfast Sausage Links,I,Irradiated,C/O,70,155,11.71,4.7,9.90,3.78,614.6,209.37,14.28,0.78,1.62,8.61,116,0,10,
Broccoli au Gratin,R,Rehydratable,C/P,30,124,4.8,14,7.00,4.00,740.4,370,22.5,0.35,0.93,120.5,432,3.6,10,
Brown Rice,T,Thermostabilized,T/O,121,161,3,37,0.86,0.00,62,127,49,0.7,0.87,10,125,1.8,11,
Brownie,NF,Natural Form,HФ,61,268,2,41,10.94,3.00,116,86,20,2,0.4,14.9,69,1.08,11,
Butter Cookies,NF,Natural Form,HФ,34,150,2,22,6.00,4.00,59,41,4.2,1,0,6,41,0.54,11,
Butterscotch Pudding,T,Thermostabilized,T/O,114,123,2,27.3,0.82,0.00,131.3,105,6,0.05,0.23,72.5,53,0.57,11,
Candied Yams,T,Thermostabilized,T/O,170,129,0.92,32,0.56,0.00,264.9,276.4,10.9,0.56,0.24,20.6,21.8,2.2,11,
Candy Coated Almonds,NF,Natural Form,HФ,45,230,4,27,12.00,3.80,18,162,50,0.8,0.8,68,97,1.5,11,
Candy Coated Chocolates,NF,Natural Form,HФ,30,141,1.5,22,5.60,3.60,18.3,95,18,0.3,0.5,40,48,0.81,11,
Candy Coated Peanuts,NF,Natural Form,HФ,45,228,5,27,12.00,5.00,20,173,44,0.76,0.89,42,85,1.4,11,
Caribbean Chicken,R,Rehydratable,C/P,,0,0,0,0.00,0.00,0,0,0,0,0,0,0,0,11,"mass blank in source; blank in source: mass_g; all minerals 0/blank in source - likely missing data, not true zero; listed with no mass and all zeros"
Carrot Coins,T,Thermostabilized,T/O,127,42.5,1.2,11.6,0.53,0.00,80,211.3,15.2,0.3,0.2,37,47.1,3.3,11,
Cashews,NF,Natural Form,HФ,45,265,10,13,20.00,4.00,4.8,324,112,2.5,2.7,16,208,1.5,11,
Cauliflower w/ Cheese,R,Rehydratable,C/P,16,55,2.6,9,2.30,1.10,473,263,16,0.44,0.32,50.5,113,2.7,11,
Cheddar Cheese Spread,T,Thermostabilized,T/O,42.5,178,5.13,1.53,16.80,12.00,704.8,23,6.3,0.15,0.8,165,309,0,11,
Cheese Grits,T,Thermostabilized,T/O,142,121,6,20,2.40,1.50,257,130,14,0.21,0.7,214,219,1.4,11,
Cheese Tortellini,T,Thermostabilized,T/O,227,216,10,46,2.25,0.00,487,466,49,2,1.2,192,198,7.72,11,
Cherry Blueberry Cobbler,T,Thermostabilized,T/O,170,306,2,58,9.35,4.43,139.06,257,16,0.66,0.43,58,98,4.5,11,
Cherry Drink w/ A/S,B,Beverage,H,1.1,3.94,0.05,0.94,0.00,0.00,3.94,4.3,0.29,0.03,0.004,22.78,9.94,0,11,
Chicken Consomme,B,Beverage,H,6.7,14,0.13,2.4,0.40,0.00,1399,14,8,0.001,0,79,8,0,11,
Chicken Fajitas,T,Thermostabilized,T/O,142,168.9,27.4,9.1,4.10,0.53,487.4,550.2,41,0.7,0.8,18.1,262,3.4,11,
Chicken in Pouches,T,Thermostabilized,T/O,85,90,20,0,1.50,0.50,260,0,0,0,0,0,0,0,11,"all minerals 0/blank in source - likely missing data, not true zero"
Chicken Noodle Soup,T,Thermostabilized,T/O,227,134,17.4,14.8,1.36,0.00,345.7,295,29,1,2.8,35,139,1.66,11,
Chicken Teriyaki,I,Irradiated,C/O,120,150,27,8,1.00,0.00,1140,540,48,0.64,1,21,274,0,11,
Chicken w/ Corn & Black Beans,T,Thermostabilized,T/O,170,127.5,14.3,18,1.84,0.00,212,459.3,40,1.45,0.7,18.9,145.5,4.5,12,
Chicken w/ Peanut Sauce,T,Thermostabilized,T/O,198,214,25,18,5.56,3.00,393.2,530,52,1.4,1.05,42,275,2.1,12,
Chicken-Pineapple Salad,R,Rehydratable,C/P,28.4,128.1,15.5,5.6,5.20,0.90,136.7,272.4,27.6,0.4,0.9,17.3,138,0.8,12,
Chipotle Snack Bread,NF,Natural Form,HФ,57,191.5,4.6,33.4,5.10,1.20,379,115,22,2.2,0.51,183,135,1.64,12,
Chocolate Breakfast Drink,B,Beverage,H,33.7,120,6.3,24,0.40,0.00,170.3,441.1,93,4.2,3,242.2,212.1,1.3,12,
Chocolate Pudding,T,Thermostabilized,T/O,114,124,2.3,27,1.00,0.00,117,163,14,0.6,0.3,61,58,0.8,12,
Chocolate Pudding Cake,T,Thermostabilized,T/O,134,319,5.6,57,10.00,6.19,171.1,383,75,6.39,1.17,122,183,6.27,12,
Citrus Fruit Salad,T,Thermostabilized,T/O,142,70,0.81,17,0.14,0.00,6.8,175,9.4,0.13,0.2,21.6,17,0.98,12,
Cocoa,B,Beverage,H,50.5,165.6,2.7,43.9,1.10,0.55,152.2,523,36.7,3.1,0.3,51.3,208.5,7.6,12,
Corn,R,Rehydratable,C/P,37,137,4.2,27,3.00,0.70,189,340,31,0.61,0.9,8.7,110,3.7,12,
Cornbread Dressing,R,Rehydratable,C/P,50,195,6.7,35,4.60,2.60,547.8,271,32,1.7,1.1,153,146,3.2,12,
Cornflakes,R,Rehydratable,C/P,40,147.6,4.5,32.8,0.05,0.00,210.7,172.6,14.7,8.1,0.4,110.7,102.9,0.5,12,
Crackers,NF,Natural Form,HФ,18,82,1.3,12,3.20,0.50,152.2,19,3.8,0.56,0.11,7,36,0.3,12,
Cranapple Dessert,T,Thermostabilized,T/O,177,144,2.42,29,4.10,1.00,43.4,183,30,0.4,0.4,37,58,4.8,12,
Cranberry Peach Drink w/ A/S,B,Beverage,H,1.2,4,0.03,1,0.00,0.00,36,15,1.6,0,0,1.6,0.06,0,12,
Crawfish Etouffee,T,Thermostabilized,T/O,198,113,6.4,18,2.34,0.00,380.8,302.15,21,2.63,0.85,58,106,1.6,12,
Cream of Mushroom Soup,R,Rehydratable,C/P,27,141,2.9,12,10.00,6.40,852.7,139,11,0.42,0.35,62,73,0.7,12,
Creamed Spinach,R,Rehydratable,C/P,18,65,3.3,10,2.00,1.20,544,333,61,0.61,0.39,139,76,1.5,12,
Curry Sauce w/ Vegetables,T,Thermostabilized,T/O,184,107,1.5,23,2.20,2.00,287,504,25,1.3,0.35,35,71,3,12,
Decaf. Coffee Black,B,Beverage,H,2.5,8,0.4,1.8,0.00,0.00,0.74,86,4,0,0,4,9,0.33,12,
Decaf. Coffee w/ A/S,B,Beverage,H,3,11,0,2,0.00,0.00,3,82,10,0.1,0,4,9,0,12,
Decaf. Coffee w/ C & A/S,B,Beverage,H,6.5,30,0.1,4,1.10,,7,111,10,0.1,0,5,22,0,12,blank in source: sat_fat_g
Decaf. Coffee w/ C & S,B,Beverage,H,17,72,0.4,4,1.10,,5,96,10,0,0.1,5,16,0,13,blank in source: sat_fat_g; kcal check: 4P+4C+9F=28 vs listed 72
Decaf. Coffee w/ Cream,B,Beverage,H,6,28,0.1,4,1.10,,7,111,10,0.1,0,5,22,0,13,blank in source: sat_fat_g
Decaf. Coffee w/ Sugar,B,Beverage,H,13.5,53,0,14,0.00,0.00,3,82,10,0.1,0,4,9,0,13,
Dried Apricots,IM,Intermediate Moisture,CB,62,156,3.7,38,0.16,0.00,13,760,27,1.4,0.41,26,63,3.3,13,
Dried Peaches,IM,Intermediate Moisture,CB,62,131,2,35,0.15,0.00,2,608,24,0.65,0,14,55,4.5,13,
Dried Pears,IM,Intermediate Moisture,CB,62,138,2,37,0.00,0.00,6.4,574,25,0.8,0.32,16,57,5,13,
Drinking Water Container,B,Beverage,H,,,,,,,0,,,,,,,,13,"mass blank in source; all minerals 0/blank in source - likely missing data, not true zero; non-food placeholder row; only sodium 0 given"
Fiesta Chicken,T,Thermostabilized,T/O,227,220,23,16,8.80,3.00,700.8,575,36,0.68,1.4,128,285,3.2,13,
Fruit Cocktail,T,Thermostabilized,T/O,128,81,0,21,0.00,0.00,35,109,6,0,0,6,11,1,13,
Granola,R,Rehydratable,C/P,80,313,10.42,58,6.00,0.74,173,405,79,2,2.2,140,309,4,13,
Granola Bar,NF,Natural Form,HФ,28,120,1.4,20,4.20,2.80,51,65,15,0.37,0.7,12,50,0.81,13,
Granola w/ Blueberries,R,Rehydratable,C/P,57,230,7,39,7.30,4.23,318.5,318.5,48,1.12,1.2,108,190,4.6,13,
Granola w/ Raisins,R,Rehydratable,C/P,80,315,10,57,7.00,0.90,181,434,80,2.1,2,144,317,3.6,13,
Grape Drink,B,Beverage,H,17,66.3,0,16.6,0.00,0.00,0.2,0,0.4,0,0,28.8,13,0,13,
Grape Drink w/ A/S,B,Beverage,H,1.2,4,0.05,1,0.00,0.00,7.6,4,0.06,0,0,10,6,0,13,
Grape Jelly,T,Thermostabilized,T/O,28,75,0,19,0.00,0.00,5,5.5,2,0,0,1.6,1.8,0.14,13,
Grapefruit Drink,B,Beverage,H,35,119.7,1.5,28.4,0.01,0.00,11.8,376.8,21.6,0.3,0.1,24.5,38,0,13,
Green Beans w/ Mushrooms,R,Rehydratable,C/P,10,22,1.8,7,0.20,0.00,178,79,17,0.6,0.3,40,27,3.2,13,kcal check: 4P+4C+9F=37 vs listed 22
Green Tea,B,Beverage,H,2,0,0,0,0.00,0.00,0,1,0.03,0,0,0.01,0.03,0,13,
Green Tea w/ Sugar,B,Beverage,H,18,71,0,18,0.00,0.00,1.6,12,0.7,0,0,0.56,0.97,0,13,
Grilled Pork Chop,T,Thermostabilized,T/O,142,261,32.5,3.7,13.00,5.00,281,530.5,31.1,0.74,0,10.5,225,0,13,
Grits w/ Butter,R,Rehydratable,C/P,34.5,117,2.3,27,0.30,0.00,509.2,56,11,13,0.22,127,36,0.8,13,"iron 13 mg as printed (verified by zoom); unusually high, possibly source typo for 1.3"
Homestyle Potatoes,T,Thermostabilized,T/O,142,160,3.5,30,6.00,1.50,225,656,37,0.84,0.51,25,77,7,14,
Hot and Sour Soup,T,Thermostabilized,T/O,170,54.4,7.8,9.8,0.99,0.00,299.5,184,22.5,0.97,0.41,25,64,0.99,14,kcal check: 4P+4C+9F=79 vs listed 54.4
Italian Vegetables,R,Rehydratable,C/P,20,92,2.1,10.14,5.93,0.70,250,141.4,16.5,0.67,0.3,22.34,36,2.6,14,
Kona Coffee Black,B,Beverage,H,1.5,4.3,0.2,1,0.00,0.00,0.2,61.4,5.3,0.1,0,2.4,5,0.2,14,
Kona Coffee w/ A/S,B,Beverage,H,2,6,0.3,1.4,0.00,0.00,0.71,63,4.9,0,0,2,4,0.25,14,
Kona Coffee w/ C & A/S,B,Beverage,H,5.5,18,0.3,4.6,0.00,0.00,3.8,83,6,0,0,2.7,19,0.6,14,
Kona Coffee w/ C&S,B,Beverage,H,16,68,0.1,14,1.10,,9,93,6,0.1,0,3,20,0,14,blank in source: sat_fat_g
Kona Coffee w/ Cream,B,Beverage,H,5,16,0.3,4,0.00,0.00,3,99,8,0,0,3,18,0.7,14,
Kona Coffee w/ Sugar,B,Beverage,H,12.5,49,0,12,0.00,0.00,5,64,5,0.1,0,2,7,0,14,
Lasagna with Meat,T,Thermostabilized,T/O,227,202,20,31.7,5.40,3.00,788,576,53,1.3,3.1,204,277,13,14,
Lemon Curd Cake,T,Thermostabilized,T/O,130,460,4,76,16.20,8.00,243,82,10,1.5,0.4,137,238,1.33,14,
Lemon Meringue Pudding,T,Thermostabilized,T/O,117,140,2,28,2.00,1.00,140,,,,,,,0,14,"blank in source: potassium_mg,magnesium_mg,iron_mg,zinc_mg,calcium_mg,phosphorus_mg; all minerals 0/blank in source - likely missing data, not true zero"
Lemonade,B,Beverage,H,21,81,0,20,0.00,0.00,30,1.6,35,0.01,0.03,3.3,24,0,14,
Lemonade w/ A/S,B,Beverage,H,1.9,7,0.04,1.7,0.00,0.00,14,55,16,0,0,2.5,1.44,0,14,
Lemon-Lime Drink,B,Beverage,H,16,62,0,16,0.00,0.00,132,36,0,0,0,0.42,27,0,14,
Macadamia Nuts,NF,Natural Form,HФ,45,308,3.6,11,29.00,4.70,4.14,181,51,0.75,0.59,19,77,3,14,
Macaroni & Cheese R,R,Rehydratable,C/P,40,194,8.5,20,9.23,4.80,643.6,101,20,0.5,1.1,152,135,1.23,14,
Mango Peach Smoothie,B,Beverage,H,50,200,1.3,46,1.20,1.10,57,136,3.8,0.25,0.1,66,62,0,14,
Maple Muffin Top,NF,Natural Form,HФ,62,250,3,30,13.00,3.50,230,0,0,0,0,0,0,0,14,"all minerals 0/blank in source - likely missing data, not true zero"
Mashed Potatoes,R,Rehydratable,C/P,22,71,2,16,0.90,0.23,331,362,16,0.34,0,8.3,43,2.1,14,
Meatloaf,T,Thermostabilized,T/O,119,177.3,17.3,16.4,4.70,2.20,698.6,499.4,32.4,2.7,3.1,22.5,173,0,14,
Mexican Scrambled Eggs,R,Rehydratable,C/P,36,202,14,7,13.50,6.55,345.7,266,21,1.5,1.5,144,251,0,14,
Milk,B,Beverage,H,,0,0,0,0.00,0.00,110,0,0,0,0,0,0,0,15,"mass blank in source; blank in source: mass_g; all minerals 0/blank in source - likely missing data, not true zero"
Minestrone Soup,T,Thermostabilized,T/O,227,84,3.09,16.3,2.00,0.00,251.3,462.9,31.37,1.41,0.43,53.8,65,2.6,15,
Mixed Vegetables,T,Thermostabilized,T/O,113,57,3.4,12.5,1.30,0.00,47,249,26,0.97,0.5,25,62,4.6,15,
Noodles & Chicken,R,Rehydratable,C/P,28,105,4.2,18.9,1.70,0.50,552.7,98,11.3,0.5,0.35,12,60.5,0.83,15,
Nut & Fruit Granola Bar,NF,Natural Form,HФ,35,135,2.9,24,3.90,0.40,90.23,90,29,0.63,0.6,204,69,2,15,
Oatmeal w/ Brown Sugar,R,Rehydratable,C/P,46.1,170,5,35,1.80,0.40,233,178,44,3.8,0.89,134,157,1.7,15,
Oatmeal w/ Raisins & Spice,R,Rehydratable,C/P,47.2,162,3.2,38,0.90,0.00,307,185,32,5.7,0.67,146,113,2.5,15,
Orange Drink,B,Beverage,H,11.9,43,0.02,11,0.00,0.00,2.4,2.1,1.5,0,0.14,107.5,51,0,15,
Orange Drink w/ A/S,B,Beverage,H,2.3,7,0.06,2,0.00,0.00,3.4,80,7.8,0,0,28,15,0,15,
Orange Juice,B,Beverage,H,35,123.6,1.6,29.2,0.00,0.00,8.3,438.8,22.8,0.3,0,21.3,36.6,0.8,15,
Orange-Grapefruit Drink,B,Beverage,H,19.9,73,0.5,18,0.00,0.00,25,113,6,0.2,0,18,16,0,15,
Orange-Mango Drink,B,Beverage,H,8.9,32,0.03,8,0.00,0.00,10,8,1,0,0,159,134,0,15,
Orange-Pineapple Drink,B,Beverage,H,8.9,30,0,8,0.00,0.00,10,6,1,0,0,137,115,0.28,15,
Pasta w/ Pesto Sauce,T,Thermostabilized,T/O,114,124,7,25,0.50,0.00,337,62,22,1.1,0.8,40,70,2.5,15,
Pasta w/ Shrimp,R,Rehydratable,C/P,40,135.6,10.5,23,0.74,0.00,581,200,31,0.9,0.83,33,140,1.4,15,
Peach-Apricot Drink,B,Beverage,H,26.9,104,0,26,0.00,0.00,0.35,1.4,0,0,0,0.81,0.13,0,15,
Peaches,T,Thermostabilized,T/O,153,75,0.64,20,0.11,0.00,6.9,241,8.34,0.09,0.15,8.1,22.5,2.46,15,
Peanut Butter,T,Thermostabilized,T/O,32,205,8,5.5,17.00,4.40,2.4,234,69,0.66,1.2,15,152,1.3,15,
Peanuts,NF,Natural Form,HФ,45,274,13,7.5,22.00,4.30,0.54,325,88,0.68,1.3,30,174,2.8,15,
Pears,T,Thermostabilized,T/O,128,61,0.24,15,0.12,0.00,3.5,46,5,0.4,0.05,5,9.6,0.6,15,
Pineapple,T,Thermostabilized,T/O,128,91,0.5,23.8,0.04,0.00,63.5,156,18,0.3,0.2,18,10,1.7,15,
Pineapple Drink,B,Beverage,H,4.9,17,0.06,4,0.06,0.00,5.8,7.5,0.63,0.09,0,111,100,0,15,
Potato Medley,T,Thermostabilized,T/O,142,139,2.4,30.2,2.80,1.00,73.3,566.6,26.1,0.7,1.72,21.6,95,4.09,16,
Potato Soup,T,Thermostabilized,T/O,234,124,3.9,22,3.50,2.10,325.5,426,25,0.35,0.56,81,111,2.6,16,
Potatoes au Gratin,R,Rehydratable,C/P,30,141,4,16,7.00,2.50,606,187,16,0,0.61,109,126,1.2,16,
Red Beans & Rice,T,Thermostabilized,T/O,227,159,10,36,0.45,0.00,292.4,624,64,3.34,1.43,61,191,7.9,16,
Rhubarb Applesauce,T,Thermostabilized,T/O,142,56.8,0.64,15.5,0.23,0.00,6,197,7.34,0.23,0.26,35.5,16.9,3.15,16,
Rice & Chicken,R,Rehydratable,C/P,34,154,3.5,22,5.80,1.00,595,40,6.2,0.2,0.52,8,42,0.41,16,
Rice Pilaf,R,Rehydratable,C/P,25,103,2,20,1.80,1.20,369,48,8.5,0.21,0.27,20,37,0.5,16,
Rice Pudding,R,Rehydratable,C/P,38.5,142,3,31,0.80,0.47,95,189,11,0.06,0.53,67,59,0.93,16,
Rice w/ Butter,T,Thermostabilized,T/O,115,168,3.2,34,2.70,1.40,180,20,3.3,0.3,0.32,5.8,27,1.2,16,
Salmon,T,Thermostabilized,T/O,74,85,16,1.74,1.50,0.50,372,255,26,0.43,0.4,22,173,0,16,
Sausage Pattie,R,Rehydratable,C/P,18,127,4.5,0.5,12.00,4.20,292,73,6,0.28,0.51,6,81,0.09,16,
Scrambled Eggs,R,Rehydratable,C/P,34.5,183,13,6,12.00,6.00,333.3,254,20,1.2,1.4,128,225,0.91,16,
Seafood Gumbo,T,Thermostabilized,T/O,198,129,13,10.55,4.50,2.00,293,471,24,1.45,1.72,55,162,1.92,16,
Seasoned Scrambled Eggs,R,Rehydratable,C/P,35,187,13,6.3,13.00,6.20,401.6,264,33,1.1,1.2,147,254,0.8,16,
Shortbread Cookies,NF,Natural Form,HФ,29,139,1.4,20,6.00,1.60,111,25,3.7,1.1,0,3,17,0.4,16,
Shrimp Cocktail,R,Rehydratable,C/P,35,117.95,14.14,13.74,0.70,0.16,705.25,217.32,26.41,0.12,1.1,50.75,152.67,1.4,16,
Shrimp Fried Rice,R,Rehydratable,C/P,32,114.56,11.54,15.91,0.54,0.00,413.4,76.19,16.69,0.25,1.19,28.93,191.2,0.66,16,
Smoked Turkey,I,Irradiated,C/O,90,108,19,0.44,3.00,1.30,757,248,15,0.64,1,4,211,0,16,
Southwestern Corn,T,Thermostabilized,T/O,170,124.1,3.98,26.33,1.48,0.00,245.82,343.4,27.66,0.53,0.71,15.81,103.87,2.65,16,
Split Pea Soup,T,Thermostabilized,T/O,227,180,14,33,1.23,0.00,283,515,51,3.02,1.56,30,235,4.65,16,
Strawberries,R,Rehydratable,C/P,28,89,1,23,0.00,0.00,7,204,18,0.35,0.14,28,33,1.6,16,
Strawberry Drink,B,Beverage,H,5.6,19,0,4.6,0.00,0.00,13,9,0.94,0.14,0,140,136,0,16,
Sweet & Sour Chicken,R,Rehydratable,C/P,36,144,21,11,2.00,0.30,223.7,263,23,0.1,0.7,5,159,0.3,17,
Sweet & Sour Pork,T,Thermostabilized,T/O,198,178,8.2,30.7,3.40,0.90,519.2,312,18,1.1,1.2,20,121,2.1,17,
Tea,B,Beverage,H,1,2.57,0.2,0.63,0.00,0.00,0.5,73.5,4.16,0,0,1.3,2.7,0.1,17,
Tea w/ Cream & Sugar,B,Beverage,H,10.7,41,0.19,10,0.05,0.00,2.5,93,4.2,0,0,1.1,8,0.15,17,
Tea w/ Lemon & A/S,B,Beverage,H,2,7,0.1,1.7,0.00,0.00,0.6,51,3.5,0.1,0.01,0.5,0.6,0,17,
Tea w/ Lemon & Sugar,B,Beverage,H,21,84,0,21,0.00,0.00,1.9,57,1.5,0,0,12,6,0,17,
Tea w/ Sugar,B,Beverage,H,13.5,53,0.15,13,0.00,0.00,0.4,60,3,0,0,1.2,2.3,0,17,
Tea with A/S,B,Beverage,H,1.5,5,0.2,1,0.00,0.00,4,73,4,0,0,1,3,0,17,
Tea with Cream,B,Beverage,H,2.7,22,0.3,3,1.10,,6,88,4,0,0,1,9,0,17,blank in source: sat_fat_g
Tea with Lemon,B,Beverage,H,1.4,5,0.04,1.2,0.00,0.00,1.4,32,1,0,0,0.5,0.7,0,17,
Teriyaki Beef Steak,I,Irradiated,C/O,120,234,39,4,6.80,2.70,863,550,46,3.4,6,12,313,0,17,
Teriyaki Chicken,R,Rehydratable,C/P,37,142,23,9,1.80,0.90,977.2,290,26,0.42,0.7,18,177.5,0.23,17,
Teriyaki Vegetables,R,Rehydratable,C/P,18.5,47,3.7,11,0.12,0.00,633,315,28,0.63,0.5,45,71,3,17,
Tofu w/ Hoisin Sauce,T,Thermostabilized,T/O,142,125,12,17.8,1.50,0.00,660.4,305.2,45.4,2.1,0.87,65.6,133.6,1.8,17,
Tofu w/ Hot Mustard Sauce,T,Thermostabilized,T/O,135,111,11,15,1.40,0.00,197,312,0.53,1.1,0.93,85,128,1.8,17,
Tomato Basil Soup,T,Thermostabilized,T/O,170,54.4,2.4,8.9,1.90,0.00,535.3,451.9,27.9,0.8,0.4,76.8,65.3,2.1,17,
Tomatoes & Artichokes,R,Rehydratable,C/P,15,44.7,2.1,8.84,1.30,0.24,340.5,265,31,2.11,0.33,39.74,55,2.6,17,
Tomatoes & Eggplant,T,Thermostabilized,T/O,170,65,1.7,10,3.80,0.66,582,463,23,0.08,0.22,35,44,4,17,
Tortillas,NF,Natural Form,HФ,60,189,5,34,4.00,1.00,421,132,14,2.5,0.46,74,62,1,17,
Trail Mix,IM,Intermediate Moisture,CB,50,215,4,33,8.60,2.80,29,126,33,0.8,0.5,18,56,2,17,
Tropical Fruit Salad,T,Thermostabilized,T/O,142,81,0.37,21,0.08,0.00,12,85,9,0.21,0.06,37,6.5,1.9,17,
Tropical Punch,B,Beverage,H,25,97,0,24,0.00,0.00,1.7,0.95,45.5,0.1,0.03,44,19,0,17,
Tropical Punch w/ A/S,B,Beverage,H,1.5,5,0.06,1.26,0.00,0.00,13,20,0.29,0.03,0,27,15,0,18,
Tuna,T,Thermostabilized,T/O,74,79,17,2,0.00,0.00,118,275,27,0,0,3,177,0,18,
Tuna Salad Spread,T,Thermostabilized,T/O,85,100,13,4,3.00,1.00,410,170,,,0,,,1,18,"blank in source: magnesium_mg,iron_mg,calcium_mg,phosphorus_mg"
Turkey Tetrazzini,R,Rehydratable,C/P,27,117,8.6,12,4.20,1.00,367,183,16,0.56,0.95,47,100,0.72,18,
Vanilla Breakfast Drink,B,Beverage,H,38.8,136,7.5,27,0.00,0.00,168.3,77,79,3.7,3,681,242,0.3,18,
Vanilla Pudding,T,Thermostabilized,T/O,114,128,2,29,0.63,0.00,156,109,6,0,0,68,52,0,18,
Vegetable Quiche,R,Rehydratable,C/P,50,271,15.5,13,18.00,11.50,462,418,31,0.94,2.5,339,321.5,1.3,18,
Vegetarian Vegetable Soup,T,Thermostabilized,T/O,227,95,2,23,0.30,0.00,389,363,22,0.93,0.38,29,55,1.7,18,
Waffles,NF,Natural Form,HФ,43,208,3,23,12.00,2.60,100,53,6,2,0,18,37,0.5,18,
Wheat Flat Bread,NF,Natural Form,HФ,57,194,5,33,5.00,1.00,381,86,22,2,0.4,160,156,1.6,18,
Yogurt Covered Granola Bar,NF,Natural Form,HФ,35,159,3.9,20,7.50,2.30,125.5,111,39,0.7,0.6,46,78.5,3,18,
