nutrient,unit,group,rda_or_ai,ul,source,value_type,target_max,differs_from_dri,notes
Vitamin A,ug RAE/d,male 19-30,900,3000,"NASEM DRI Summary Tables, Appendix J of 'DRI for Sodium and Potassium' (2019): https://www.nationalacademies.org/read/25353/chapter/28",RDA,,,UL applies to preformed vitamin A only
Vitamin A,ug RAE/d,male 31-50,900,3000,"NASEM DRI Summary Tables, Appendix J of 'DRI for Sodium and Potassium' (2019): https://www.nationalacademies.org/read/25353/chapter/28",RDA,,,UL applies to preformed vitamin A only
Vitamin A,ug RAE/d,male 51-70,900,3000,"NASEM DRI Summary Tables, Appendix J of 'DRI for Sodium and Potassium' (2019): https://www.nationalacademies.org/read/25353/chapter/28",RDA,,,UL applies to preformed vitamin A only
Vitamin A,ug RAE/d,male >70,900,3000,"NASEM DRI Summary Tables, Appendix J of 'DRI for Sodium and Potassium' (2019): https://www.nationalacademies.org/read/25353/chapter/28",RDA,,,UL applies to preformed vitamin A only
Vitamin A,ug RAE/d,female 19-30,700,3000,"NASEM DRI Summary Tables, Appendix J of 'DRI for Sodium and Potassium' (2019): https://www.nationalacademies.org/read/25353/chapter/28",RDA,,,UL applies to preformed vitamin A only
Vitamin A,ug RAE/d,female 31-50,700,3000,"NASEM DRI Summary Tables, Appendix J of 'DRI for Sodium and Potassium' (2019): https://www.nationalacademies.org/read/25353/chapter/28",RDA,,,UL applies to preformed vitamin A only
Vitamin A,ug RAE/d,female 51-70,700,3000,"NASEM DRI Summary Tables, Appendix J of 'DRI for Sodium and Potassium' (2019): https://www.nationalacademies.org/read/25353/chapter/28",RDA,,,UL applies to preformed vitamin A only
Vitamin A,ug RAE/d,female >70,700,3000,"NASEM DRI Summary Tables, Appendix J of 'DRI for Sodium and Potassium' (2019): https://www.nationalacademies.org/read/25353/chapter/28",RDA,,,UL applies to preformed vitamin A only
Vitamin C,mg/d,male 19-30,90,2000,"NASEM DRI Summary Tables, Appendix J of 'DRI for Sodium and Potassium' (2019): https://www.nationalacademies.org/read/25353/chapter/28",RDA,,,
Vitamin C,mg/d,male 31-50,90,2000,"NASEM DRI Summary Tables, Appendix J of 'DRI for Sodium and Potassium' (2019): https://www.nationalacademies.org/read/25353/chapter/28",RDA,,,
Vitamin C,mg/d,male 51-70,90,2000,"NASEM DRI Summary Tables, Appendix J of 'DRI for Sodium and Potassium' (2019): https://www.nationalacademies.org/read/25353/chapter/28",RDA,,,
Vitamin C,mg/d,male >70,90,2000,"NASEM DRI Summary Tables, Appendix J of 'DRI for Sodium and Potassium' (2019): https://www.nationalacademies.org/read/25353/chapter/28",RDA,,,
Vitamin C,mg/d,female 19-30,75,2000,"NASEM DRI Summary Tables, Appendix J of 'DRI for Sodium and Potassium' (2019): https://www.nationalacademies.org/read/25353/chapter/28",RDA,,,
Vitamin C,mg/d,female 31-50,75,2000,"NASEM DRI Summary Tables, Appendix J of 'DRI for Sodium and Potassium' (2019): https://www.nationalacademies.org/read/25353/chapter/28",RDA,,,
Vitamin C,mg/d,female 51-70,75,2000,"NASEM DRI Summary Tables, Appendix J of 'DRI for Sodium and Potassium' (2019): https://www.nationalacademies.org/read/25353/chapter/28",RDA,,,
Vitamin C,mg/d,female >70,75,2000,"NASEM DRI Summary Tables, Appendix J of 'DRI for Sodium and Potassium' (2019): https://www.nationalacademies.org/read/25353/chapter/28",RDA,,,
Vitamin D,ug/d,male 19-30,15,100,"NASEM DRI Summary Tables, Appendix J of 'DRI for Sodium and Potassium' (2019): https://www.nationalacademies.org/read/25353/chapter/28",RDA,,,1 ug = 40 IU; RDA assumes minimal sunlight
Vitamin D,ug/d,male 31-50,15,100,"NASEM DRI Summary Tables, Appendix J of 'DRI for Sodium and Potassium' (2019): https://www.nationalacademies.org/read/25353/chapter/28",RDA,,,1 ug = 40 IU; RDA assumes minimal sunlight
Vitamin D,ug/d,male 51-70,15,100,"NASEM DRI Summary Tables, Appendix J of 'DRI for Sodium and Potassium' (2019): https://www.nationalacademies.org/read/25353/chapter/28",RDA,,,1 ug = 40 IU; RDA assumes minimal sunlight
Vitamin D,ug/d,male >70,20,100,"NASEM DRI Summary Tables, Appendix J of 'DRI for Sodium and Potassium' (2019): https://www.nationalacademies.org/read/25353/chapter/28",RDA,,,1 ug = 40 IU; RDA assumes minimal sunlight
Vitamin D,ug/d,female 19-30,15,100,"NASEM DRI Summary Tables, Appendix J of 'DRI for Sodium and Potassium' (2019): https://www.nationalacademies.org/read/25353/chapter/28",RDA,,,1 ug = 40 IU; RDA assumes minimal sunlight
Vitamin D,ug/d,female 31-50,15,100,"NASEM DRI Summary Tables, Appendix J of 'DRI for Sodium and Potassium' (2019): https://www.nationalacademies.org/read/25353/chapter/28",RDA,,,1 ug = 40 IU; RDA assumes minimal sunlight
Vitamin D,ug/d,female 51-70,15,100,"NASEM DRI Summary Tables, Appendix J of 'DRI for Sodium and Potassium' (2019): https://www.nationalacademies.org/read/25353/chapter/28",RDA,,,1 ug = 40 IU; RDA assumes minimal sunlight
Vitamin D,ug/d,female >70,20,100,"NASEM DRI Summary Tables, Appendix J of 'DRI for Sodium and Potassium' (2019): https://www.nationalacademies.org/read/25353/chapter/28",RDA,,,1 ug = 40 IU; RDA assumes minimal sunlight
Vitamin E,mg/d,male 19-30,15,1000,"NASEM DRI Summary Tables, Appendix J of 'DRI for Sodium and Potassium' (2019): https://www.nationalacademies.org/read/25353/chapter/28",RDA,,,UL applies to supplemental/synthetic alpha-tocopherol
Vitamin E,mg/d,male 31-50,15,1000,"NASEM DRI Summary Tables, Appendix J of 'DRI for Sodium and Potassium' (2019): https://www.nationalacademies.org/read/25353/chapter/28",RDA,,,UL applies to supplemental/synthetic alpha-tocopherol
Vitamin E,mg/d,male 51-70,15,1000,"NASEM DRI Summary Tables, Appendix J of 'DRI for Sodium and Potassium' (2019): https://www.nationalacademies.org/read/25353/chapter/28",RDA,,,UL applies to supplemental/synthetic alpha-tocopherol
Vitamin E,mg/d,male >70,15,1000,"NASEM DRI Summary Tables, Appendix J of 'DRI for Sodium and Potassium' (2019): https://www.nationalacademies.org/read/25353/chapter/28",RDA,,,UL applies to supplemental/synthetic alpha-tocopherol
Vitamin E,mg/d,female 19-30,15,1000,"NASEM DRI Summary Tables, Appendix J of 'DRI for Sodium and Potassium' (2019): https://www.nationalacademies.org/read/25353/chapter/28",RDA,,,UL applies to supplemental/synthetic alpha-tocopherol
Vitamin E,mg/d,female 31-50,15,1000,"NASEM DRI Summary Tables, Appendix J of 'DRI for Sodium and Potassium' (2019): https://www.nationalacademies.org/read/25353/chapter/28",RDA,,,UL applies to supplemental/synthetic alpha-tocopherol
Vitamin E,mg/d,female 51-70,15,1000,"NASEM DRI Summary Tables, Appendix J of 'DRI for Sodium and Potassium' (2019): https://www.nationalacademies.org/read/25353/chapter/28",RDA,,,UL applies to supplemental/synthetic alpha-tocopherol
Vitamin E,mg/d,female >70,15,1000,"NASEM DRI Summary Tables, Appendix J of 'DRI for Sodium and Potassium' (2019): https://www.nationalacademies.org/read/25353/chapter/28",RDA,,,UL applies to supplemental/synthetic alpha-tocopherol
Vitamin K,ug/d,male 19-30,120,,"NASEM DRI Summary Tables, Appendix J of 'DRI for Sodium and Potassium' (2019): https://www.nationalacademies.org/read/25353/chapter/28",AI,,,UL not determinable
Vitamin K,ug/d,male 31-50,120,,"NASEM DRI Summary Tables, Appendix J of 'DRI for Sodium and Potassium' (2019): https://www.nationalacademies.org/read/25353/chapter/28",AI,,,UL not determinable
Vitamin K,ug/d,male 51-70,120,,"NASEM DRI Summary Tables, Appendix J of 'DRI for Sodium and Potassium' (2019): https://www.nationalacademies.org/read/25353/chapter/28",AI,,,UL not determinable
Vitamin K,ug/d,male >70,120,,"NASEM DRI Summary Tables, Appendix J of 'DRI for Sodium and Potassium' (2019): https://www.nationalacademies.org/read/25353/chapter/28",AI,,,UL not determinable
Vitamin K,ug/d,female 19-30,90,,"NASEM DRI Summary Tables, Appendix J of 'DRI for Sodium and Potassium' (2019): https://www.nationalacademies.org/read/25353/chapter/28",AI,,,UL not determinable
Vitamin K,ug/d,female 31-50,90,,"NASEM DRI Summary Tables, Appendix J of 'DRI for Sodium and Potassium' (2019): https://www.nationalacademies.org/read/25353/chapter/28",AI,,,UL not determinable
Vitamin K,ug/d,female 51-70,90,,"NASEM DRI Summary Tables, Appendix J of 'DRI for Sodium and Potassium' (2019): https://www.nationalacademies.org/read/25353/chapter/28",AI,,,UL not determinable
Vitamin K,ug/d,female >70,90,,"NASEM DRI Summary Tables, Appendix J of 'DRI for Sodium and Potassium' (2019): https://www.nationalacademies.org/read/25353/chapter/28",AI,,,UL not determinable
Thiamin,mg/d,male 19-30,1.2,,"NASEM DRI Summary Tables, Appendix J of 'DRI for Sodium and Potassium' (2019): https://www.nationalacademies.org/read/25353/chapter/28",RDA,,,UL not determinable
Thiamin,mg/d,male 31-50,1.2,,"NASEM DRI Summary Tables, Appendix J of 'DRI for Sodium and Potassium' (2019): https://www.nationalacademies.org/read/25353/chapter/28",RDA,,,UL not determinable
Thiamin,mg/d,male 51-70,1.2,,"NASEM DRI Summary Tables, Appendix J of 'DRI for Sodium and Potassium' (2019): https://www.nationalacademies.org/read/25353/chapter/28",RDA,,,UL not determinable
Thiamin,mg/d,male >70,1.2,,"NASEM DRI Summary Tables, Appendix J of 'DRI for Sodium and Potassium' (2019): https://www.nationalacademies.org/read/25353/chapter/28",RDA,,,UL not determinable
Thiamin,mg/d,female 19-30,1.1,,"NASEM DRI Summary Tables, Appendix J of 'DRI for Sodium and Potassium' (2019): https://www.nationalacademies.org/read/25353/chapter/28",RDA,,,UL not determinable
Thiamin,mg/d,female 31-50,1.1,,"NASEM DRI Summary Tables, Appendix J of 'DRI for Sodium and Potassium' (2019): https://www.nationalacademies.org/read/25353/chapter/28",RDA,,,UL not determinable
Thiamin,mg/d,female 51-70,1.1,,"NASEM DRI Summary Tables, Appendix J of 'DRI for Sodium and Potassium' (2019): https://www.nationalacademies.org/read/25353/chapter/28",RDA,,,UL not determinable
Thiamin,mg/d,female >70,1.1,,"NASEM DRI Summary Tables, Appendix J of 'DRI for Sodium and Potassium' (2019): https://www.nationalacademies.org/read/25353/chapter/28",RDA,,,UL not determinable
Riboflavin,mg/d,male 19-30,1.3,,"NASEM DRI Summary Tables, Appendix J of 'DRI for Sodium and Potassium' (2019): https://www.nationalacademies.org/read/25353/chapter/28",RDA,,,UL not determinable
Riboflavin,mg/d,male 31-50,1.3,,"NASEM DRI Summary Tables, Appendix J of 'DRI for Sodium and Potassium' (2019): https://www.nationalacademies.org/read/25353/chapter/28",RDA,,,UL not determinable
Riboflavin,mg/d,male 51-70,1.3,,"NASEM DRI Summary Tables, Appendix J of 'DRI for Sodium and Potassium' (2019): https://www.nationalacademies.org/read/25353/chapter/28",RDA,,,UL not determinable
Riboflavin,mg/d,male >70,1.3,,"NASEM DRI Summary Tables, Appendix J of 'DRI for Sodium and Potassium' (2019): https://www.nationalacademies.org/read/25353/chapter/28",RDA,,,UL not determinable
Riboflavin,mg/d,female 19-30,1.1,,"NASEM DRI Summary Tables, Appendix J of 'DRI for Sodium and Potassium' (2019): https://www.nationalacademies.org/read/25353/chapter/28",RDA,,,UL not determinable
Riboflavin,mg/d,female 31-50,1.1,,"NASEM DRI Summary Tables, Appendix J of 'DRI for Sodium and Potassium' (2019): https://www.nationalacademies.org/read/25353/chapter/28",RDA,,,UL not determinable
Riboflavin,mg/d,female 51-70,1.1,,"NASEM DRI Summary Tables, Appendix J of 'DRI for Sodium and Potassium' (2019): https://www.nationalacademies.org/read/25353/chapter/28",RDA,,,UL not determinable
Riboflavin,mg/d,female >70,1.1,,"NASEM DRI Summary Tables, Appendix J of 'DRI for Sodium and Potassium' (2019): https://www.nationalacademies.org/read/25353/chapter/28",RDA,,,UL not determinable
Niacin,mg NE/d,male 19-30,16,35,"NASEM DRI Summary Tables, Appendix J of 'DRI for Sodium and Potassium' (2019): https://www.nationalacademies.org/read/25353/chapter/28",RDA,,,UL applies to synthetic forms (supplements/fortified foods)
Niacin,mg NE/d,male 31-50,16,35,"NASEM DRI Summary Tables, Appendix J of 'DRI for Sodium and Potassium' (2019): https://www.nationalacademies.org/read/25353/chapter/28",RDA,,,UL applies to synthetic forms (supplements/fortified foods)
Niacin,mg NE/d,male 51-70,16,35,"NASEM DRI Summary Tables, Appendix J of 'DRI for Sodium and Potassium' (2019): https://www.nationalacademies.org/read/25353/chapter/28",RDA,,,UL applies to synthetic forms (supplements/fortified foods)
Niacin,mg NE/d,male >70,16,35,"NASEM DRI Summary Tables, Appendix J of 'DRI for Sodium and Potassium' (2019): https://www.nationalacademies.org/read/25353/chapter/28",RDA,,,UL applies to synthetic forms (supplements/fortified foods)
Niacin,mg NE/d,female 19-30,14,35,"NASEM DRI Summary Tables, Appendix J of 'DRI for Sodium and Potassium' (2019): https://www.nationalacademies.org/read/25353/chapter/28",RDA,,,UL applies to synthetic forms (supplements/fortified foods)
Niacin,mg NE/d,female 31-50,14,35,"NASEM DRI Summary Tables, Appendix J of 'DRI for Sodium and Potassium' (2019): https://www.nationalacademies.org/read/25353/chapter/28",RDA,,,UL applies to synthetic forms (supplements/fortified foods)
Niacin,mg NE/d,female 51-70,14,35,"NASEM DRI Summary Tables, Appendix J of 'DRI for Sodium and Potassium' (2019): https://www.nationalacademies.org/read/25353/chapter/28",RDA,,,UL applies to synthetic forms (supplements/fortified foods)
Niacin,mg NE/d,female >70,14,35,"NASEM DRI Summary Tables, Appendix J of 'DRI for Sodium and Potassium' (2019): https://www.nationalacademies.org/read/25353/chapter/28",RDA,,,UL applies to synthetic forms (supplements/fortified foods)
Vitamin B6,mg/d,male 19-30,1.3,100,"NASEM DRI Summary Tables, Appendix J of 'DRI for Sodium and Potassium' (2019): https://www.nationalacademies.org/read/25353/chapter/28",RDA,,,
Vitamin B6,mg/d,male 31-50,1.3,100,"NASEM DRI Summary Tables, Appendix J of 'DRI for Sodium and Potassium' (2019): https://www.nationalacademies.org/read/25353/chapter/28",RDA,,,
Vitamin B6,mg/d,male 51-70,1.7,100,"NASEM DRI Summary Tables, Appendix J of 'DRI for Sodium and Potassium' (2019): https://www.nationalacademies.org/read/25353/chapter/28",RDA,,,
Vitamin B6,mg/d,male >70,1.7,100,"NASEM DRI Summary Tables, Appendix J of 'DRI for Sodium and Potassium' (2019): https://www.nationalacademies.org/read/25353/chapter/28",RDA,,,
Vitamin B6,mg/d,female 19-30,1.3,100,"NASEM DRI Summary Tables, Appendix J of 'DRI for Sodium and Potassium' (2019): https://www.nationalacademies.org/read/25353/chapter/28",RDA,,,
Vitamin B6,mg/d,female 31-50,1.3,100,"NASEM DRI Summary Tables, Appendix J of 'DRI for Sodium and Potassium' (2019): https://www.nationalacademies.org/read/25353/chapter/28",RDA,,,
Vitamin B6,mg/d,female 51-70,1.5,100,"NASEM DRI Summary Tables, Appendix J of 'DRI for Sodium and Potassium' (2019): https://www.nationalacademies.org/read/25353/chapter/28",RDA,,,
Vitamin B6,mg/d,female >70,1.5,100,"NASEM DRI Summary Tables, Appendix J of 'DRI for Sodium and Potassium' (2019): https://www.nationalacademies.org/read/25353/chapter/28",RDA,,,
Folate,ug DFE/d,male 19-30,400,1000,"NASEM DRI Summary Tables, Appendix J of 'DRI for Sodium and Potassium' (2019): https://www.nationalacademies.org/read/25353/chapter/28",RDA,,,UL applies to synthetic folic acid
Folate,ug DFE/d,male 31-50,400,1000,"NASEM DRI Summary Tables, Appendix J of 'DRI for Sodium and Potassium' (2019): https://www.nationalacademies.org/read/25353/chapter/28",RDA,,,UL applies to synthetic folic acid
Folate,ug DFE/d,male 51-70,400,1000,"NASEM DRI Summary Tables, Appendix J of 'DRI for Sodium and Potassium' (2019): https://www.nationalacademies.org/read/25353/chapter/28",RDA,,,UL applies to synthetic folic acid
Folate,ug DFE/d,male >70,400,1000,"NASEM DRI Summary Tables, Appendix J of 'DRI for Sodium and Potassium' (2019): https://www.nationalacademies.org/read/25353/chapter/28",RDA,,,UL applies to synthetic folic acid
Folate,ug DFE/d,female 19-30,400,1000,"NASEM DRI Summary Tables, Appendix J of 'DRI for Sodium and Potassium' (2019): https://www.nationalacademies.org/read/25353/chapter/28",RDA,,,UL applies to synthetic folic acid
Folate,ug DFE/d,female 31-50,400,1000,"NASEM DRI Summary Tables, Appendix J of 'DRI for Sodium and Potassium' (2019): https://www.nationalacademies.org/read/25353/chapter/28",RDA,,,UL applies to synthetic folic acid
Folate,ug DFE/d,female 51-70,400,1000,"NASEM DRI Summary Tables, Appendix J of 'DRI for Sodium and Potassium' (2019): https://www.nationalacademies.org/read/25353/chapter/28",RDA,,,UL applies to synthetic folic acid
Folate,ug DFE/d,female >70,400,1000,"NASEM DRI Summary Tables, Appendix J of 'DRI for Sodium and Potassium' (2019): https://www.nationalacademies.org/read/25353/chapter/28",RDA,,,UL applies to synthetic folic acid
Vitamin B12,ug/d,male 19-30,2.4,,"NASEM DRI Summary Tables, Appendix J of 'DRI for Sodium and Potassium' (2019): https://www.nationalacademies.org/read/25353/chapter/28",RDA,,,UL not determinable
Vitamin B12,ug/d,male 31-50,2.4,,"NASEM DRI Summary Tables, Appendix J of 'DRI for Sodium and Potassium' (2019): https://www.nationalacademies.org/read/25353/chapter/28",RDA,,,UL not determinable
Vitamin B12,ug/d,male 51-70,2.4,,"NASEM DRI Summary Tables, Appendix J of 'DRI for Sodium and Potassium' (2019): https://www.nationalacademies.org/read/25353/chapter/28",RDA,,,UL not determinable
Vitamin B12,ug/d,male >70,2.4,,"NASEM DRI Summary Tables, Appendix J of 'DRI for Sodium and Potassium' (2019): https://www.nationalacademies.org/read/25353/chapter/28",RDA,,,UL not determinable
Vitamin B12,ug/d,female 19-30,2.4,,"NASEM DRI Summary Tables, Appendix J of 'DRI for Sodium and Potassium' (2019): https://www.nationalacademies.org/read/25353/chapter/28",RDA,,,UL not determinable
Vitamin B12,ug/d,female 31-50,2.4,,"NASEM DRI Summary Tables, Appendix J of 'DRI for Sodium and Potassium' (2019): https://www.nationalacademies.org/read/25353/chapter/28",RDA,,,UL not determinable
Vitamin B12,ug/d,female 51-70,2.4,,"NASEM DRI Summary Tables, Appendix J of 'DRI for Sodium and Potassium' (2019): https://www.nationalacademies.org/read/25353/chapter/28",RDA,,,UL not determinable
Vitamin B12,ug/d,female >70,2.4,,"NASEM DRI Summary Tables, Appendix J of 'DRI for Sodium and Potassium' (2019): https://www.nationalacademies.org/read/25353/chapter/28",RDA,,,UL not determinable
Pantothenic acid,mg/d,male 19-30,5,,"NASEM DRI Summary Tables, Appendix J of 'DRI for Sodium and Potassium' (2019): https://www.nationalacademies.org/read/25353/chapter/28",AI,,,UL not determinable
Pantothenic acid,mg/d,male 31-50,5,,"NASEM DRI Summary Tables, Appendix J of 'DRI for Sodium and Potassium' (2019): https://www.nationalacademies.org/read/25353/chapter/28",AI,,,UL not determinable
Pantothenic acid,mg/d,male 51-70,5,,"NASEM DRI Summary Tables, Appendix J of 'DRI for Sodium and Potassium' (2019): https://www.nationalacademies.org/read/25353/chapter/28",AI,,,UL not determinable
Pantothenic acid,mg/d,male >70,5,,"NASEM DRI Summary Tables, Appendix J of 'DRI for Sodium and Potassium' (2019): https://www.nationalacademies.org/read/25353/chapter/28",AI,,,UL not determinable
Pantothenic acid,mg/d,female 19-30,5,,"NASEM DRI Summary Tables, Appendix J of 'DRI for Sodium and Potassium' (2019): https://www.nationalacademies.org/read/25353/chapter/28",AI,,,UL not determinable
Pantothenic acid,mg/d,female 31-50,5,,"NASEM DRI Summary Tables, Appendix J of 'DRI for Sodium and Potassium' (2019): https://www.nationalacademies.org/read/25353/chapter/28",AI,,,UL not determinable
Pantothenic acid,mg/d,female 51-70,5,,"NASEM DRI Summary Tables, Appendix J of 'DRI for Sodium and Potassium' (2019): https://www.nationalacademies.org/read/25353/chapter/28",AI,,,UL not determinable
Pantothenic acid,mg/d,female >70,5,,"NASEM DRI Summary Tables, Appendix J of 'DRI for Sodium and Potassium' (2019): https://www.nationalacademies.org/read/25353/chapter/28",AI,,,UL not determinable
Biotin,ug/d,male 19-30,30,,"NASEM DRI Summary Tables, Appendix J of 'DRI for Sodium and Potassium' (2019): https://www.nationalacademies.org/read/25353/chapter/28",AI,,,UL not determinable
Biotin,ug/d,male 31-50,30,,"NASEM DRI Summary Tables, Appendix J of 'DRI for Sodium and Potassium' (2019): https://www.nationalacademies.org/read/25353/chapter/28",AI,,,UL not determinable
Biotin,ug/d,male 51-70,30,,"NASEM DRI Summary Tables, Appendix J of 'DRI for Sodium and Potassium' (2019): https://www.nationalacademies.org/read/25353/chapter/28",AI,,,UL not determinable
Biotin,ug/d,male >70,30,,"NASEM DRI Summary Tables, Appendix J of 'DRI for Sodium and Potassium' (2019): https://www.nationalacademies.org/read/25353/chapter/28",AI,,,UL not determinable
Biotin,ug/d,female 19-30,30,,"NASEM DRI Summary Tables, Appendix J of 'DRI for Sodium and Potassium' (2019): https://www.nationalacademies.org/read/25353/chapter/28",AI,,,UL not determinable
Biotin,ug/d,female 31-50,30,,"NASEM DRI Summary Tables, Appendix J of 'DRI for Sodium and Potassium' (2019): https://www.nationalacademies.org/read/25353/chapter/28",AI,,,UL not determinable
Biotin,ug/d,female 51-70,30,,"NASEM DRI Summary Tables, Appendix J of 'DRI for Sodium and Potassium' (2019): https://www.nationalacademies.org/read/25353/chapter/28",AI,,,UL not determinable
Biotin,ug/d,female >70,30,,"NASEM DRI Summary Tables, Appendix J of 'DRI for Sodium and Potassium' (2019): https://www.nationalacademies.org/read/25353/chapter/28",AI,,,UL not determinable
Choline,mg/d,male 19-30,550,3500,"NASEM DRI Summary Tables, Appendix J of 'DRI for Sodium and Potassium' (2019): https://www.nationalacademies.org/read/25353/chapter/28",AI,,,UL listed as 3.5 g/d
Choline,mg/d,male 31-50,550,3500,"NASEM DRI Summary Tables, Appendix J of 'DRI for Sodium and Potassium' (2019): https://www.nationalacademies.org/read/25353/chapter/28",AI,,,UL listed as 3.5 g/d
Choline,mg/d,male 51-70,550,3500,"NASEM DRI Summary Tables, Appendix J of 'DRI for Sodium and Potassium' (2019): https://www.nationalacademies.org/read/25353/chapter/28",AI,,,UL listed as 3.5 g/d
Choline,mg/d,male >70,550,3500,"NASEM DRI Summary Tables, Appendix J of 'DRI for Sodium and Potassium' (2019): https://www.nationalacademies.org/read/25353/chapter/28",AI,,,UL listed as 3.5 g/d
Choline,mg/d,female 19-30,425,3500,"NASEM DRI Summary Tables, Appendix J of 'DRI for Sodium and Potassium' (2019): https://www.nationalacademies.org/read/25353/chapter/28",AI,,,UL listed as 3.5 g/d
Choline,mg/d,female 31-50,425,3500,"NASEM DRI Summary Tables, Appendix J of 'DRI for Sodium and Potassium' (2019): https://www.nationalacademies.org/read/25353/chapter/28",AI,,,UL listed as 3.5 g/d
Choline,mg/d,female 51-70,425,3500,"NASEM DRI Summary Tables, Appendix J of 'DRI for Sodium and Potassium' (2019): https://www.nationalacademies.org/read/25353/chapter/28",AI,,,UL listed as 3.5 g/d
Choline,mg/d,female >70,425,3500,"NASEM DRI Summary Tables, Appendix J of 'DRI for Sodium and Potassium' (2019): https://www.nationalacademies.org/read/25353/chapter/28",AI,,,UL listed as 3.5 g/d
Calcium,mg/d,male 19-30,1000,2500,"NASEM DRI Summary Tables, Appendix J of 'DRI for Sodium and Potassium' (2019): https://www.nationalacademies.org/read/25353/chapter/28",RDA,,,
Calcium,mg/d,male 31-50,1000,2500,"NASEM DRI Summary Tables, Appendix J of 'DRI for Sodium and Potassium' (2019): https://www.nationalacademies.org/read/25353/chapter/28",RDA,,,
Calcium,mg/d,male 51-70,1000,2000,"NASEM DRI Summary Tables, Appendix J of 'DRI for Sodium and Potassium' (2019): https://www.nationalacademies.org/read/25353/chapter/28",RDA,,,
Calcium,mg/d,male >70,1200,2000,"NASEM DRI Summary Tables, Appendix J of 'DRI for Sodium and Potassium' (2019): https://www.nationalacademies.org/read/25353/chapter/28",RDA,,,
Calcium,mg/d,female 19-30,1000,2500,"NASEM DRI Summary Tables, Appendix J of 'DRI for Sodium and Potassium' (2019): https://www.nationalacademies.org/read/25353/chapter/28",RDA,,,
Calcium,mg/d,female 31-50,1000,2500,"NASEM DRI Summary Tables, Appendix J of 'DRI for Sodium and Potassium' (2019): https://www.nationalacademies.org/read/25353/chapter/28",RDA,,,
Calcium,mg/d,female 51-70,1200,2000,"NASEM DRI Summary Tables, Appendix J of 'DRI for Sodium and Potassium' (2019): https://www.nationalacademies.org/read/25353/chapter/28",RDA,,,
Calcium,mg/d,female >70,1200,2000,"NASEM DRI Summary Tables, Appendix J of 'DRI for Sodium and Potassium' (2019): https://www.nationalacademies.org/read/25353/chapter/28",RDA,,,
Chromium,ug/d,male 19-30,35,,"NASEM DRI Summary Tables, Appendix J of 'DRI for Sodium and Potassium' (2019): https://www.nationalacademies.org/read/25353/chapter/28",AI,,,UL not determinable
Chromium,ug/d,male 31-50,35,,"NASEM DRI Summary Tables, Appendix J of 'DRI for Sodium and Potassium' (2019): https://www.nationalacademies.org/read/25353/chapter/28",AI,,,UL not determinable
Chromium,ug/d,male 51-70,30,,"NASEM DRI Summary Tables, Appendix J of 'DRI for Sodium and Potassium' (2019): https://www.nationalacademies.org/read/25353/chapter/28",AI,,,UL not determinable
Chromium,ug/d,male >70,30,,"NASEM DRI Summary Tables, Appendix J of 'DRI for Sodium and Potassium' (2019): https://www.nationalacademies.org/read/25353/chapter/28",AI,,,UL not determinable
Chromium,ug/d,female 19-30,25,,"NASEM DRI Summary Tables, Appendix J of 'DRI for Sodium and Potassium' (2019): https://www.nationalacademies.org/read/25353/chapter/28",AI,,,UL not determinable
Chromium,ug/d,female 31-50,25,,"NASEM DRI Summary Tables, Appendix J of 'DRI for Sodium and Potassium' (2019): https://www.nationalacademies.org/read/25353/chapter/28",AI,,,UL not determinable
Chromium,ug/d,female 51-70,20,,"NASEM DRI Summary Tables, Appendix J of 'DRI for Sodium and Potassium' (2019): https://www.nationalacademies.org/read/25353/chapter/28",AI,,,UL not determinable
Chromium,ug/d,female >70,20,,"NASEM DRI Summary Tables, Appendix J of 'DRI for Sodium and Potassium' (2019): https://www.nationalacademies.org/read/25353/chapter/28",AI,,,UL not determinable
Copper,ug/d,male 19-30,900,10000,"NASEM DRI Summary Tables, Appendix J of 'DRI for Sodium and Potassium' (2019): https://www.nationalacademies.org/read/25353/chapter/28",RDA,,,
Copper,ug/d,male 31-50,900,10000,"NASEM DRI Summary Tables, Appendix J of 'DRI for Sodium and Potassium' (2019): https://www.nationalacademies.org/read/25353/chapter/28",RDA,,,
Copper,ug/d,male 51-70,900,10000,"NASEM DRI Summary Tables, Appendix J of 'DRI for Sodium and Potassium' (2019): https://www.nationalacademies.org/read/25353/chapter/28",RDA,,,
Copper,ug/d,male >70,900,10000,"NASEM DRI Summary Tables, Appendix J of 'DRI for Sodium and Potassium' (2019): https://www.nationalacademies.org/read/25353/chapter/28",RDA,,,
Copper,ug/d,female 19-30,900,10000,"NASEM DRI Summary Tables, Appendix J of 'DRI for Sodium and Potassium' (2019): https://www.nationalacademies.org/read/25353/chapter/28",RDA,,,
Copper,ug/d,female 31-50,900,10000,"NASEM DRI Summary Tables, Appendix J of 'DRI for Sodium and Potassium' (2019): https://www.nationalacademies.org/read/25353/chapter/28",RDA,,,
Copper,ug/d,female 51-70,900,10000,"NASEM DRI Summary Tables, Appendix J of 'DRI for Sodium and Potassium' (2019): https://www.nationalacademies.org/read/25353/chapter/28",RDA,,,
Copper,ug/d,female >70,900,10000,"NASEM DRI Summary Tables, Appendix J of 'DRI for Sodium and Potassium' (2019): https://www.nationalacademies.org/read/25353/chapter/28",RDA,,,
Fluoride,mg/d,male 19-30,4,10,"NASEM DRI Summary Tables, Appendix J of 'DRI for Sodium and Potassium' (2019): https://www.nationalacademies.org/read/25353/chapter/28",AI,,,
Fluoride,mg/d,male 31-50,4,10,"NASEM DRI Summary Tables, Appendix J of 'DRI for Sodium and Potassium' (2019): https://www.nationalacademies.org/read/25353/chapter/28",AI,,,
Fluoride,mg/d,male 51-70,4,10,"NASEM DRI Summary Tables, Appendix J of 'DRI for Sodium and Potassium' (2019): https://www.nationalacademies.org/read/25353/chapter/28",AI,,,
Fluoride,mg/d,male >70,4,10,"NASEM DRI Summary Tables, Appendix J of 'DRI for Sodium and Potassium' (2019): https://www.nationalacademies.org/read/25353/chapter/28",AI,,,
Fluoride,mg/d,female 19-30,3,10,"NASEM DRI Summary Tables, Appendix J of 'DRI for Sodium and Potassium' (2019): https://www.nationalacademies.org/read/25353/chapter/28",AI,,,
Fluoride,mg/d,female 31-50,3,10,"NASEM DRI Summary Tables, Appendix J of 'DRI for Sodium and Potassium' (2019): https://www.nationalacademies.org/read/25353/chapter/28",AI,,,
Fluoride,mg/d,female 51-70,3,10,"NASEM DRI Summary Tables, Appendix J of 'DRI for Sodium and Potassium' (2019): https://www.nationalacademies.org/read/25353/chapter/28",AI,,,
Fluoride,mg/d,female >70,3,10,"NASEM DRI Summary Tables, Appendix J of 'DRI for Sodium and Potassium' (2019): https://www.nationalacademies.org/read/25353/chapter/28",AI,,,
Iodine,ug/d,male 19-30,150,1100,"NASEM DRI Summary Tables, Appendix J of 'DRI for Sodium and Potassium' (2019): https://www.nationalacademies.org/read/25353/chapter/28",RDA,,,
Iodine,ug/d,male 31-50,150,1100,"NASEM DRI Summary Tables, Appendix J of 'DRI for Sodium and Potassium' (2019): https://www.nationalacademies.org/read/25353/chapter/28",RDA,,,
Iodine,ug/d,male 51-70,150,1100,"NASEM DRI Summary Tables, Appendix J of 'DRI for Sodium and Potassium' (2019): https://www.nationalacademies.org/read/25353/chapter/28",RDA,,,
Iodine,ug/d,male >70,150,1100,"NASEM DRI Summary Tables, Appendix J of 'DRI for Sodium and Potassium' (2019): https://www.nationalacademies.org/read/25353/chapter/28",RDA,,,
Iodine,ug/d,female 19-30,150,1100,"NASEM DRI Summary Tables, Appendix J of 'DRI for Sodium and Potassium' (2019): https://www.nationalacademies.org/read/25353/chapter/28",RDA,,,
Iodine,ug/d,female 31-50,150,1100,"NASEM DRI Summary Tables, Appendix J of 'DRI for Sodium and Potassium' (2019): https://www.nationalacademies.org/read/25353/chapter/28",RDA,,,
Iodine,ug/d,female 51-70,150,1100,"NASEM DRI Summary Tables, Appendix J of 'DRI for Sodium and Potassium' (2019): https://www.nationalacademies.org/read/25353/chapter/28",RDA,,,
Iodine,ug/d,female >70,150,1100,"NASEM DRI Summary Tables, Appendix J of 'DRI for Sodium and Potassium' (2019): https://www.nationalacademies.org/read/25353/chapter/28",RDA,,,
Iron,mg/d,male 19-30,8,45,"NASEM DRI Summary Tables, Appendix J of 'DRI for Sodium and Potassium' (2019): https://www.nationalacademies.org/read/25353/chapter/28",RDA,,,
Iron,mg/d,male 31-50,8,45,"NASEM DRI Summary Tables, Appendix J of 'DRI for Sodium and Potassium' (2019): https://www.nationalacademies.org/read/25353/chapter/28",RDA,,,
Iron,mg/d,male 51-70,8,45,"NASEM DRI Summary Tables, Appendix J of 'DRI for Sodium and Potassium' (2019): https://www.nationalacademies.org/read/25353/chapter/28",RDA,,,
Iron,mg/d,male >70,8,45,"NASEM DRI Summary Tables, Appendix J of 'DRI for Sodium and Potassium' (2019): https://www.nationalacademies.org/read/25353/chapter/28",RDA,,,
Iron,mg/d,female 19-30,18,45,"NASEM DRI Summary Tables, Appendix J of 'DRI for Sodium and Potassium' (2019): https://www.nationalacademies.org/read/25353/chapter/28",RDA,,,
Iron,mg/d,female 31-50,18,45,"NASEM DRI Summary Tables, Appendix J of 'DRI for Sodium and Potassium' (2019): https://www.nationalacademies.org/read/25353/chapter/28",RDA,,,
Iron,mg/d,female 51-70,8,45,"NASEM DRI Summary Tables, Appendix J of 'DRI for Sodium and Potassium' (2019): https://www.nationalacademies.org/read/25353/chapter/28",RDA,,,
Iron,mg/d,female >70,8,45,"NASEM DRI Summary Tables, Appendix J of 'DRI for Sodium and Potassium' (2019): https://www.nationalacademies.org/read/25353/chapter/28",RDA,,,
Magnesium,mg/d,male 19-30,400,350,"NASEM DRI Summary Tables, Appendix J of 'DRI for Sodium and Potassium' (2019): https://www.nationalacademies.org/read/25353/chapter/28",RDA,,,"UL is for supplemental/pharmacological magnesium only, not food"
Magnesium,mg/d,male 31-50,420,350,"NASEM DRI Summary Tables, Appendix J of 'DRI for Sodium and Potassium' (2019): https://www.nationalacademies.org/read/25353/chapter/28",RDA,,,"UL is for supplemental/pharmacological magnesium only, not food"
Magnesium,mg/d,male 51-70,420,350,"NASEM DRI Summary Tables, Appendix J of 'DRI for Sodium and Potassium' (2019): https://www.nationalacademies.org/read/25353/chapter/28",RDA,,,"UL is for supplemental/pharmacological magnesium only, not food"
Magnesium,mg/d,male >70,420,350,"NASEM DRI Summary Tables, Appendix J of 'DRI for Sodium and Potassium' (2019): https://www.nationalacademies.org/read/25353/chapter/28",RDA,,,"UL is for supplemental/pharmacological magnesium only, not food"
Magnesium,mg/d,female 19-30,310,350,"NASEM DRI Summary Tables, Appendix J of 'DRI for Sodium and Potassium' (2019): https://www.nationalacademies.org/read/25353/chapter/28",RDA,,,"UL is for supplemental/pharmacological magnesium only, not food"
Magnesium,mg/d,female 31-50,320,350,"NASEM DRI Summary Tables, Appendix J of 'DRI for Sodium and Potassium' (2019): https://www.nationalacademies.org/read/25353/chapter/28",RDA,,,"UL is for supplemental/pharmacological magnesium only, not food"
Magnesium,mg/d,female 51-70,320,350,"NASEM DRI Summary Tables, Appendix J of 'DRI for Sodium and Potassium' (2019): https://www.nationalacademies.org/read/25353/chapter/28",RDA,,,"UL is for supplemental/pharmacological magnesium only, not food"
Magnesium,mg/d,female >70,320,350,"NASEM DRI Summary Tables, Appendix J of 'DRI for Sodium and Potassium' (2019): https://www.nationalacademies.org/read/25353/chapter/28",RDA,,,"UL is for supplemental/pharmacological magnesium only, not food"
Manganese,mg/d,male 19-30,2.3,11,"NASEM DRI Summary Tables, Appendix J of 'DRI for Sodium and Potassium' (2019): https://www.nationalacademies.org/read/25353/chapter/28",AI,,,
Manganese,mg/d,male 31-50,2.3,11,"NASEM DRI Summary Tables, Appendix J of 'DRI for Sodium and Potassium' (2019): https://www.nationalacademies.org/read/25353/chapter/28",AI,,,
Manganese,mg/d,male 51-70,2.3,11,"NASEM DRI Summary Tables, Appendix J of 'DRI for Sodium and Potassium' (2019): https://www.nationalacademies.org/read/25353/chapter/28",AI,,,
Manganese,mg/d,male >70,2.3,11,"NASEM DRI Summary Tables, Appendix J of 'DRI for Sodium and Potassium' (2019): https://www.nationalacademies.org/read/25353/chapter/28",AI,,,
Manganese,mg/d,female 19-30,1.8,11,"NASEM DRI Summary Tables, Appendix J of 'DRI for Sodium and Potassium' (2019): https://www.nationalacademies.org/read/25353/chapter/28",AI,,,
Manganese,mg/d,female 31-50,1.8,11,"NASEM DRI Summary Tables, Appendix J of 'DRI for Sodium and Potassium' (2019): https://www.nationalacademies.org/read/25353/chapter/28",AI,,,
Manganese,mg/d,female 51-70,1.8,11,"NASEM DRI Summary Tables, Appendix J of 'DRI for Sodium and Potassium' (2019): https://www.nationalacademies.org/read/25353/chapter/28",AI,,,
Manganese,mg/d,female >70,1.8,11,"NASEM DRI Summary Tables, Appendix J of 'DRI for Sodium and Potassium' (2019): https://www.nationalacademies.org/read/25353/chapter/28",AI,,,
Molybdenum,ug/d,male 19-30,45,2000,"NASEM DRI Summary Tables, Appendix J of 'DRI for Sodium and Potassium' (2019): https://www.nationalacademies.org/read/25353/chapter/28",RDA,,,
Molybdenum,ug/d,male 31-50,45,2000,"NASEM DRI Summary Tables, Appendix J of 'DRI for Sodium and Potassium' (2019): https://www.nationalacademies.org/read/25353/chapter/28",RDA,,,
Molybdenum,ug/d,male 51-70,45,2000,"NASEM DRI Summary Tables, Appendix J of 'DRI for Sodium and Potassium' (2019): https://www.nationalacademies.org/read/25353/chapter/28",RDA,,,
Molybdenum,ug/d,male >70,45,2000,"NASEM DRI Summary Tables, Appendix J of 'DRI for Sodium and Potassium' (2019): https://www.nationalacademies.org/read/25353/chapter/28",RDA,,,
Molybdenum,ug/d,female 19-30,45,2000,"NASEM DRI Summary Tables, Appendix J of 'DRI for Sodium and Potassium' (2019): https://www.nationalacademies.org/read/25353/chapter/28",RDA,,,
Molybdenum,ug/d,female 31-50,45,2000,"NASEM DRI Summary Tables, Appendix J of 'DRI for Sodium and Potassium' (2019): https://www.nationalacademies.org/read/25353/chapter/28",RDA,,,
Molybdenum,ug/d,female 51-70,45,2000,"NASEM DRI Summary Tables, Appendix J of 'DRI for Sodium and Potassium' (2019): https://www.nationalacademies.org/read/25353/chapter/28",RDA,,,
Molybdenum,ug/d,female >70,45,2000,"NASEM DRI Summary Tables, Appendix J of 'DRI for Sodium and Potassium' (2019): https://www.nationalacademies.org/read/25353/chapter/28",RDA,,,
Phosphorus,mg/d,male 19-30,700,4000,"NASEM DRI Summary Tables, Appendix J of 'DRI for Sodium and Potassium' (2019): https://www.nationalacademies.org/read/25353/chapter/28",RDA,,,UL listed in g/d (4 or 3)
Phosphorus,mg/d,male 31-50,700,4000,"NASEM DRI Summary Tables, Appendix J of 'DRI for Sodium and Potassium' (2019): https://www.nationalacademies.org/read/25353/chapter/28",RDA,,,UL listed in g/d (4 or 3)
Phosphorus,mg/d,male 51-70,700,4000,"NASEM DRI Summary Tables, Appendix J of 'DRI for Sodium and Potassium' (2019): https://www.nationalacademies.org/read/25353/chapter/28",RDA,,,UL listed in g/d (4 or 3)
Phosphorus,mg/d,male >70,700,3000,"NASEM DRI Summary Tables, Appendix J of 'DRI for Sodium and Potassium' (2019): https://www.nationalacademies.org/read/25353/chapter/28",RDA,,,UL listed in g/d (4 or 3)
Phosphorus,mg/d,female 19-30,700,4000,"NASEM DRI Summary Tables, Appendix J of 'DRI for Sodium and Potassium' (2019): https://www.nationalacademies.org/read/25353/chapter/28",RDA,,,UL listed in g/d (4 or 3)
Phosphorus,mg/d,female 31-50,700,4000,"NASEM DRI Summary Tables, Appendix J of 'DRI for Sodium and Potassium' (2019): https://www.nationalacademies.org/read/25353/chapter/28",RDA,,,UL listed in g/d (4 or 3)
Phosphorus,mg/d,female 51-70,700,4000,"NASEM DRI Summary Tables, Appendix J of 'DRI for Sodium and Potassium' (2019): https://www.nationalacademies.org/read/25353/chapter/28",RDA,,,UL listed in g/d (4 or 3)
Phosphorus,mg/d,female >70,700,3000,"NASEM DRI Summary Tables, Appendix J of 'DRI for Sodium and Potassium' (2019): https://www.nationalacademies.org/read/25353/chapter/28",RDA,,,UL listed in g/d (4 or 3)
Selenium,ug/d,male 19-30,55,400,"NASEM DRI Summary Tables, Appendix J of 'DRI for Sodium and Potassium' (2019): https://www.nationalacademies.org/read/25353/chapter/28",RDA,,,
Selenium,ug/d,male 31-50,55,400,"NASEM DRI Summary Tables, Appendix J of 'DRI for Sodium and Potassium' (2019): https://www.nationalacademies.org/read/25353/chapter/28",RDA,,,
Selenium,ug/d,male 51-70,55,400,"NASEM DRI Summary Tables, Appendix J of 'DRI for Sodium and Potassium' (2019): https://www.nationalacademies.org/read/25353/chapter/28",RDA,,,
Selenium,ug/d,male >70,55,400,"NASEM DRI Summary Tables, Appendix J of 'DRI for Sodium and Potassium' (2019): https://www.nationalacademies.org/read/25353/chapter/28",RDA,,,
Selenium,ug/d,female 19-30,55,400,"NASEM DRI Summary Tables, Appendix J of 'DRI for Sodium and Potassium' (2019): https://www.nationalacademies.org/read/25353/chapter/28",RDA,,,
Selenium,ug/d,female 31-50,55,400,"NASEM DRI Summary Tables, Appendix J of 'DRI for Sodium and Potassium' (2019): https://www.nationalacademies.org/read/25353/chapter/28",RDA,,,
Selenium,ug/d,female 51-70,55,400,"NASEM DRI Summary Tables, Appendix J of 'DRI for Sodium and Potassium' (2019): https://www.nationalacademies.org/read/25353/chapter/28",RDA,,,
Selenium,ug/d,female >70,55,400,"NASEM DRI Summary Tables, Appendix J of 'DRI for Sodium and Potassium' (2019): https://www.nationalacademies.org/read/25353/chapter/28",RDA,,,
Zinc,mg/d,male 19-30,11,40,"NASEM DRI Summary Tables, Appendix J of 'DRI for Sodium and Potassium' (2019): https://www.nationalacademies.org/read/25353/chapter/28",RDA,,,
Zinc,mg/d,male 31-50,11,40,"NASEM DRI Summary Tables, Appendix J of 'DRI for Sodium and Potassium' (2019): https://www.nationalacademies.org/read/25353/chapter/28",RDA,,,
Zinc,mg/d,male 51-70,11,40,"NASEM DRI Summary Tables, Appendix J of 'DRI for Sodium and Potassium' (2019): https://www.nationalacademies.org/read/25353/chapter/28",RDA,,,
Zinc,mg/d,male >70,11,40,"NASEM DRI Summary Tables, Appendix J of 'DRI for Sodium and Potassium' (2019): https://www.nationalacademies.org/read/25353/chapter/28",RDA,,,
Zinc,mg/d,female 19-30,8,40,"NASEM DRI Summary Tables, Appendix J of 'DRI for Sodium and Potassium' (2019): https://www.nationalacademies.org/read/25353/chapter/28",RDA,,,
Zinc,mg/d,female 31-50,8,40,"NASEM DRI Summary Tables, Appendix J of 'DRI for Sodium and Potassium' (2019): https://www.nationalacademies.org/read/25353/chapter/28",RDA,,,
Zinc,mg/d,female 51-70,8,40,"NASEM DRI Summary Tables, Appendix J of 'DRI for Sodium and Potassium' (2019): https://www.nationalacademies.org/read/25353/chapter/28",RDA,,,
Zinc,mg/d,female >70,8,40,"NASEM DRI Summary Tables, Appendix J of 'DRI for Sodium and Potassium' (2019): https://www.nationalacademies.org/read/25353/chapter/28",RDA,,,
Potassium,mg/d,male 19-30,3400,,"NASEM DRI Summary Tables, Appendix J of 'DRI for Sodium and Potassium' (2019): https://www.nationalacademies.org/read/25353/chapter/28",AI,,,UL not determinable (2019 update)
Potassium,mg/d,male 31-50,3400,,"NASEM DRI Summary Tables, Appendix J of 'DRI for Sodium and Potassium' (2019): https://www.nationalacademies.org/read/25353/chapter/28",AI,,,UL not determinable (2019 update)
Potassium,mg/d,male 51-70,3400,,"NASEM DRI Summary Tables, Appendix J of 'DRI for Sodium and Potassium' (2019): https://www.nationalacademies.org/read/25353/chapter/28",AI,,,UL not determinable (2019 update)
Potassium,mg/d,male >70,3400,,"NASEM DRI Summary Tables, Appendix J of 'DRI for Sodium and Potassium' (2019): https://www.nationalacademies.org/read/25353/chapter/28",AI,,,UL not determinable (2019 update)
Potassium,mg/d,female 19-30,2600,,"NASEM DRI Summary Tables, Appendix J of 'DRI for Sodium and Potassium' (2019): https://www.nationalacademies.org/read/25353/chapter/28",AI,,,UL not determinable (2019 update)
Potassium,mg/d,female 31-50,2600,,"NASEM DRI Summary Tables, Appendix J of 'DRI for Sodium and Potassium' (2019): https://www.nationalacademies.org/read/25353/chapter/28",AI,,,UL not determinable (2019 update)
Potassium,mg/d,female 51-70,2600,,"NASEM DRI Summary Tables, Appendix J of 'DRI for Sodium and Potassium' (2019): https://www.nationalacademies.org/read/25353/chapter/28",AI,,,UL not determinable (2019 update)
Potassium,mg/d,female >70,2600,,"NASEM DRI Summary Tables, Appendix J of 'DRI for Sodium and Potassium' (2019): https://www.nationalacademies.org/read/25353/chapter/28",AI,,,UL not determinable (2019 update)
Sodium,mg/d,male 19-30,1500,,"NASEM DRI Summary Tables, Appendix J of 'DRI for Sodium and Potassium' (2019): https://www.nationalacademies.org/read/25353/chapter/28",AI,,,No UL (2019); Chronic Disease Risk Reduction Intake: reduce if above 2300 mg/d
Sodium,mg/d,male 31-50,1500,,"NASEM DRI Summary Tables, Appendix J of 'DRI for Sodium and Potassium' (2019): https://www.nationalacademies.org/read/25353/chapter/28",AI,,,No UL (2019); Chronic Disease Risk Reduction Intake: reduce if above 2300 mg/d
Sodium,mg/d,male 51-70,1500,,"NASEM DRI Summary Tables, Appendix J of 'DRI for Sodium and Potassium' (2019): https://www.nationalacademies.org/read/25353/chapter/28",AI,,,No UL (2019); Chronic Disease Risk Reduction Intake: reduce if above 2300 mg/d
Sodium,mg/d,male >70,1500,,"NASEM DRI Summary Tables, Appendix J of 'DRI for Sodium and Potassium' (2019): https://www.nationalacademies.org/read/25353/chapter/28",AI,,,No UL (2019); Chronic Disease Risk Reduction Intake: reduce if above 2300 mg/d
Sodium,mg/d,female 19-30,1500,,"NASEM DRI Summary Tables, Appendix J of 'DRI for Sodium and Potassium' (2019): https://www.nationalacademies.org/read/25353/chapter/28",AI,,,No UL (2019); Chronic Disease Risk Reduction Intake: reduce if above 2300 mg/d
Sodium,mg/d,female 31-50,1500,,"NASEM DRI Summary Tables, Appendix J of 'DRI for Sodium and Potassium' (2019): https://www.nationalacademies.org/read/25353/chapter/28",AI,,,No UL (2019); Chronic Disease Risk Reduction Intake: reduce if above 2300 mg/d
Sodium,mg/d,female 51-70,1500,,"NASEM DRI Summary Tables, Appendix J of 'DRI for Sodium and Potassium' (2019): https://www.nationalacademies.org/read/25353/chapter/28",AI,,,No UL (2019); Chronic Disease Risk Reduction Intake: reduce if above 2300 mg/d
Sodium,mg/d,female >70,1500,,"NASEM DRI Summary Tables, Appendix J of 'DRI for Sodium and Potassium' (2019): https://www.nationalacademies.org/read/25353/chapter/28",AI,,,No UL (2019); Chronic Disease Risk Reduction Intake: reduce if above 2300 mg/d
Chloride,g/d,male 19-30,2.3,3.6,"NASEM DRI Summary Tables, Appendix J of 'DRI for Sodium and Potassium' (2019): https://www.nationalacademies.org/read/25353/chapter/28",AI,,,
Chloride,g/d,male 31-50,2.3,3.6,"NASEM DRI Summary Tables, Appendix J of 'DRI for Sodium and Potassium' (2019): https://www.nationalacademies.org/read/25353/chapter/28",AI,,,
Chloride,g/d,male 51-70,2.0,3.6,"NASEM DRI Summary Tables, Appendix J of 'DRI for Sodium and Potassium' (2019): https://www.nationalacademies.org/read/25353/chapter/28",AI,,,
Chloride,g/d,male >70,1.8,3.6,"NASEM DRI Summary Tables, Appendix J of 'DRI for Sodium and Potassium' (2019): https://www.nationalacademies.org/read/25353/chapter/28",AI,,,
Chloride,g/d,female 19-30,2.3,3.6,"NASEM DRI Summary Tables, Appendix J of 'DRI for Sodium and Potassium' (2019): https://www.nationalacademies.org/read/25353/chapter/28",AI,,,
Chloride,g/d,female 31-50,2.3,3.6,"NASEM DRI Summary Tables, Appendix J of 'DRI for Sodium and Potassium' (2019): https://www.nationalacademies.org/read/25353/chapter/28",AI,,,
Chloride,g/d,female 51-70,2.0,3.6,"NASEM DRI Summary Tables, Appendix J of 'DRI for Sodium and Potassium' (2019): https://www.nationalacademies.org/read/25353/chapter/28",AI,,,
Chloride,g/d,female >70,1.8,3.6,"NASEM DRI Summary Tables, Appendix J of 'DRI for Sodium and Potassium' (2019): https://www.nationalacademies.org/read/25353/chapter/28",AI,,,
Protein,g/d,male 19-30,56,,"NASEM DRI Summary Tables, Appendix J of 'DRI for Sodium and Potassium' (2019): https://www.nationalacademies.org/read/25353/chapter/28",RDA,,,RDA = 0.8 g/kg reference body weight; AMDR 10-35% of energy
Protein,g/d,male 31-50,56,,"NASEM DRI Summary Tables, Appendix J of 'DRI for Sodium and Potassium' (2019): https://www.nationalacademies.org/read/25353/chapter/28",RDA,,,RDA = 0.8 g/kg reference body weight; AMDR 10-35% of energy
Protein,g/d,male 51-70,56,,"NASEM DRI Summary Tables, Appendix J of 'DRI for Sodium and Potassium' (2019): https://www.nationalacademies.org/read/25353/chapter/28",RDA,,,RDA = 0.8 g/kg reference body weight; AMDR 10-35% of energy
Protein,g/d,male >70,56,,"NASEM DRI Summary Tables, Appendix J of 'DRI for Sodium and Potassium' (2019): https://www.nationalacademies.org/read/25353/chapter/28",RDA,,,RDA = 0.8 g/kg reference body weight; AMDR 10-35% of energy
Protein,g/d,female 19-30,46,,"NASEM DRI Summary Tables, Appendix J of 'DRI for Sodium and Potassium' (2019): https://www.nationalacademies.org/read/25353/chapter/28",RDA,,,RDA = 0.8 g/kg reference body weight; AMDR 10-35% of energy
Protein,g/d,female 31-50,46,,"NASEM DRI Summary Tables, Appendix J of 'DRI for Sodium and Potassium' (2019): https://www.nationalacademies.org/read/25353/chapter/28",RDA,,,RDA = 0.8 g/kg reference body weight; AMDR 10-35% of energy
Protein,g/d,female 51-70,46,,"NASEM DRI Summary Tables, Appendix J of 'DRI for Sodium and Potassium' (2019): https://www.nationalacademies.org/read/25353/chapter/28",RDA,,,RDA = 0.8 g/kg reference body weight; AMDR 10-35% of energy
Protein,g/d,female >70,46,,"NASEM DRI Summary Tables, Appendix J of 'DRI for Sodium and Potassium' (2019): https://www.nationalacademies.org/read/25353/chapter/28",RDA,,,RDA = 0.8 g/kg reference body weight; AMDR 10-35% of energy
Vitamin D,ug/d,nasa_spaceflight all crew,25,,NASA-STD-3001 Vol 2 Rev E (2025) Table 7.1-2 (current binding standard; all other nutrients follow DRIs): https://www.nasa.gov/reference/7-0-habit-ability-functions-vol-2/,NASA standard,,yes (DRI 15-20),Only nutrient NASA-STD-3001 Rev E adjusts from DRIs; ISS food system includes vitamin D tablets (HIDH)
Vitamin D,ug/d,nasa_spaceflight all crew,25,,"NASA Human Integration Design Handbook Rev 1, Table 7.2-3 (and 7.2-2 for protein), compiled from JSC 63555 (2005): https://www.nasa.gov/wp-content/uploads/2023/03/human-integration-design-handbook-revision-1.pdf",NASA guideline,,yes (DRI 15-20),
Vitamin A,ug/d,nasa_spaceflight all crew,700,,"NASA Human Integration Design Handbook Rev 1, Table 7.2-3 (and 7.2-2 for protein), compiled from JSC 63555 (2005): https://www.nasa.gov/wp-content/uploads/2023/03/human-integration-design-handbook-revision-1.pdf",NASA guideline,900,no,Published as range 700-900 ug
Vitamin K,ug/d,nasa_spaceflight female,90,,"NASA Human Integration Design Handbook Rev 1, Table 7.2-3 (and 7.2-2 for protein), compiled from JSC 63555 (2005): https://www.nasa.gov/wp-content/uploads/2023/03/human-integration-design-handbook-revision-1.pdf",NASA guideline,,no,
Vitamin K,ug/d,nasa_spaceflight male,120,,"NASA Human Integration Design Handbook Rev 1, Table 7.2-3 (and 7.2-2 for protein), compiled from JSC 63555 (2005): https://www.nasa.gov/wp-content/uploads/2023/03/human-integration-design-handbook-revision-1.pdf",NASA guideline,,no,
Vitamin E,mg/d,nasa_spaceflight all crew,15,,"NASA Human Integration Design Handbook Rev 1, Table 7.2-3 (and 7.2-2 for protein), compiled from JSC 63555 (2005): https://www.nasa.gov/wp-content/uploads/2023/03/human-integration-design-handbook-revision-1.pdf",NASA guideline,,no,
Vitamin C,mg/d,nasa_spaceflight all crew,90,,"NASA Human Integration Design Handbook Rev 1, Table 7.2-3 (and 7.2-2 for protein), compiled from JSC 63555 (2005): https://www.nasa.gov/wp-content/uploads/2023/03/human-integration-design-handbook-revision-1.pdf",NASA guideline,,yes for women (DRI 75),
Vitamin B12,ug/d,nasa_spaceflight all crew,2.4,,"NASA Human Integration Design Handbook Rev 1, Table 7.2-3 (and 7.2-2 for protein), compiled from JSC 63555 (2005): https://www.nasa.gov/wp-content/uploads/2023/03/human-integration-design-handbook-revision-1.pdf",NASA guideline,,no,
Vitamin B6,mg/d,nasa_spaceflight all crew,1.7,,"NASA Human Integration Design Handbook Rev 1, Table 7.2-3 (and 7.2-2 for protein), compiled from JSC 63555 (2005): https://www.nasa.gov/wp-content/uploads/2023/03/human-integration-design-handbook-revision-1.pdf",NASA guideline,,yes (DRI 1.3 for ages 19-50),
Thiamin,see notes,nasa_spaceflight female,1.1,,"NASA Human Integration Design Handbook Rev 1, Table 7.2-3 (and 7.2-2 for protein), compiled from JSC 63555 (2005): https://www.nasa.gov/wp-content/uploads/2023/03/human-integration-design-handbook-revision-1.pdf",NASA guideline,,unclear,"Table prints 'umol'; numbers match DRI mg values, likely a unit typo; treat as mg with caution"
Thiamin,see notes,nasa_spaceflight male,1.2,,"NASA Human Integration Design Handbook Rev 1, Table 7.2-3 (and 7.2-2 for protein), compiled from JSC 63555 (2005): https://www.nasa.gov/wp-content/uploads/2023/03/human-integration-design-handbook-revision-1.pdf",NASA guideline,,unclear,"Table prints 'umol'; numbers match DRI mg values, likely a unit typo; treat as mg with caution"
Riboflavin,mg/d,nasa_spaceflight all crew,1.3,,"NASA Human Integration Design Handbook Rev 1, Table 7.2-3 (and 7.2-2 for protein), compiled from JSC 63555 (2005): https://www.nasa.gov/wp-content/uploads/2023/03/human-integration-design-handbook-revision-1.pdf",NASA guideline,,yes for women (DRI 1.1),
Folate,ug/d,nasa_spaceflight all crew,400,,"NASA Human Integration Design Handbook Rev 1, Table 7.2-3 (and 7.2-2 for protein), compiled from JSC 63555 (2005): https://www.nasa.gov/wp-content/uploads/2023/03/human-integration-design-handbook-revision-1.pdf",NASA guideline,,no,
Niacin,mg NE/d,nasa_spaceflight all crew,16,,"NASA Human Integration Design Handbook Rev 1, Table 7.2-3 (and 7.2-2 for protein), compiled from JSC 63555 (2005): https://www.nasa.gov/wp-content/uploads/2023/03/human-integration-design-handbook-revision-1.pdf",NASA guideline,,yes for women (DRI 14),
Biotin,ug/d,nasa_spaceflight all crew,30,,"NASA Human Integration Design Handbook Rev 1, Table 7.2-3 (and 7.2-2 for protein), compiled from JSC 63555 (2005): https://www.nasa.gov/wp-content/uploads/2023/03/human-integration-design-handbook-revision-1.pdf",NASA guideline,,no,
Pantothenic acid,mg/d,nasa_spaceflight all crew,30,,"NASA Human Integration Design Handbook Rev 1, Table 7.2-3 (and 7.2-2 for protein), compiled from JSC 63555 (2005): https://www.nasa.gov/wp-content/uploads/2023/03/human-integration-design-handbook-revision-1.pdf",NASA guideline,,yes (DRI AI 5),As published (30 mg); 6x the DRI AI
Calcium,mg/d,nasa_spaceflight all crew,1200,,"NASA Human Integration Design Handbook Rev 1, Table 7.2-3 (and 7.2-2 for protein), compiled from JSC 63555 (2005): https://www.nasa.gov/wp-content/uploads/2023/03/human-integration-design-handbook-revision-1.pdf",NASA guideline,2000,"yes (DRI 1000-1200, UL 2000-2500)",Range 1200-2000 mg
Phosphorus,mg/d,nasa_spaceflight all crew,700,,"NASA Human Integration Design Handbook Rev 1, Table 7.2-3 (and 7.2-2 for protein), compiled from JSC 63555 (2005): https://www.nasa.gov/wp-content/uploads/2023/03/human-integration-design-handbook-revision-1.pdf",NASA guideline,,constraint added,And <= 1.5 x calcium intake
Magnesium,mg/d,nasa_spaceflight female,320,,"NASA Human Integration Design Handbook Rev 1, Table 7.2-3 (and 7.2-2 for protein), compiled from JSC 63555 (2005): https://www.nasa.gov/wp-content/uploads/2023/03/human-integration-design-handbook-revision-1.pdf",NASA guideline,,no,And <= 350 mg from supplements only
Magnesium,mg/d,nasa_spaceflight male,420,,"NASA Human Integration Design Handbook Rev 1, Table 7.2-3 (and 7.2-2 for protein), compiled from JSC 63555 (2005): https://www.nasa.gov/wp-content/uploads/2023/03/human-integration-design-handbook-revision-1.pdf",NASA guideline,,no,And <= 350 mg from supplements only
Sodium,mg/d,nasa_spaceflight all crew,1500,,"NASA Human Integration Design Handbook Rev 1, Table 7.2-3 (and 7.2-2 for protein), compiled from JSC 63555 (2005): https://www.nasa.gov/wp-content/uploads/2023/03/human-integration-design-handbook-revision-1.pdf",NASA guideline,2300,band (DRI AI 1500; CDRR 2300),Range 1500-2300 mg
Potassium,mg/d,nasa_spaceflight all crew,4700,,"NASA Human Integration Design Handbook Rev 1, Table 7.2-3 (and 7.2-2 for protein), compiled from JSC 63555 (2005): https://www.nasa.gov/wp-content/uploads/2023/03/human-integration-design-handbook-revision-1.pdf",NASA guideline,,yes (2019 DRI AI 3400 M / 2600 F),Published as 4.7 g; matches the older 2005 DRI AI
Iron,mg/d,nasa_spaceflight all crew,8,,"NASA Human Integration Design Handbook Rev 1, Table 7.2-3 (and 7.2-2 for protein), compiled from JSC 63555 (2005): https://www.nasa.gov/wp-content/uploads/2023/03/human-integration-design-handbook-revision-1.pdf",NASA guideline,10,yes for women (DRI 18 for ages 19-50),Range 8-10 mg
Copper,mg/d,nasa_spaceflight all crew,0.5,,"NASA Human Integration Design Handbook Rev 1, Table 7.2-3 (and 7.2-2 for protein), compiled from JSC 63555 (2005): https://www.nasa.gov/wp-content/uploads/2023/03/human-integration-design-handbook-revision-1.pdf",NASA guideline,9,"yes (DRI RDA 0.9 mg, UL 10 mg)",Range 0.5-9 mg
Manganese,mg/d,nasa_spaceflight female,1.8,,"NASA Human Integration Design Handbook Rev 1, Table 7.2-3 (and 7.2-2 for protein), compiled from JSC 63555 (2005): https://www.nasa.gov/wp-content/uploads/2023/03/human-integration-design-handbook-revision-1.pdf",NASA guideline,,no,
Manganese,mg/d,nasa_spaceflight male,2.3,,"NASA Human Integration Design Handbook Rev 1, Table 7.2-3 (and 7.2-2 for protein), compiled from JSC 63555 (2005): https://www.nasa.gov/wp-content/uploads/2023/03/human-integration-design-handbook-revision-1.pdf",NASA guideline,,no,
Fluoride,mg/d,nasa_spaceflight female,3,,"NASA Human Integration Design Handbook Rev 1, Table 7.2-3 (and 7.2-2 for protein), compiled from JSC 63555 (2005): https://www.nasa.gov/wp-content/uploads/2023/03/human-integration-design-handbook-revision-1.pdf",NASA guideline,,no,
Fluoride,mg/d,nasa_spaceflight male,4,,"NASA Human Integration Design Handbook Rev 1, Table 7.2-3 (and 7.2-2 for protein), compiled from JSC 63555 (2005): https://www.nasa.gov/wp-content/uploads/2023/03/human-integration-design-handbook-revision-1.pdf",NASA guideline,,no,
Zinc,mg/d,nasa_spaceflight all crew,11,,"NASA Human Integration Design Handbook Rev 1, Table 7.2-3 (and 7.2-2 for protein), compiled from JSC 63555 (2005): https://www.nasa.gov/wp-content/uploads/2023/03/human-integration-design-handbook-revision-1.pdf",NASA guideline,,yes for women (DRI 8),
Selenium,ug/d,nasa_spaceflight all crew,55,,"NASA Human Integration Design Handbook Rev 1, Table 7.2-3 (and 7.2-2 for protein), compiled from JSC 63555 (2005): https://www.nasa.gov/wp-content/uploads/2023/03/human-integration-design-handbook-revision-1.pdf",NASA guideline,400,no (max equals DRI UL),Range 55-400 ug
Iodine,ug/d,nasa_spaceflight all crew,150,,"NASA Human Integration Design Handbook Rev 1, Table 7.2-3 (and 7.2-2 for protein), compiled from JSC 63555 (2005): https://www.nasa.gov/wp-content/uploads/2023/03/human-integration-design-handbook-revision-1.pdf",NASA guideline,,no,
Chromium,ug/d,nasa_spaceflight all crew,35,,"NASA Human Integration Design Handbook Rev 1, Table 7.2-3 (and 7.2-2 for protein), compiled from JSC 63555 (2005): https://www.nasa.gov/wp-content/uploads/2023/03/human-integration-design-handbook-revision-1.pdf",NASA guideline,,yes for women and men >50 (DRI 20-30),
Protein,g/kg/d,nasa_spaceflight all crew,0.8,,"NASA Human Integration Design Handbook Rev 1, Table 7.2-3 (and 7.2-2 for protein), compiled from JSC 63555 (2005): https://www.nasa.gov/wp-content/uploads/2023/03/human-integration-design-handbook-revision-1.pdf",NASA guideline,,no (same basis as DRI),"And <= 35% of daily energy; 2/3 animal, 1/3 vegetable protein (Table 7.2-2)"
