record_type,food_type_code,category,vitamin,item_or_group,storage_temp_c,c_initial,c_1yr,c_3yr,unit,t_end_years,fraction_remaining_end,k_per_year,k_1yr_per_year,half_life_years,shelf_life_years_max,shelf_life_bound,value_status,method,source,source_url,notes
shelf_life,T,Thermostabilized,,,ambient,,,,,,,,,,3,<,sourced,,NASA Hurdle Approach 2022 (Sirmons),https://ntrs.nasa.gov/api/citations/20220001872/downloads/Hurdle%20Approach_2022_FINAL_%20No%20audio.pdf,Hurdle 2022 slide 'Thermostabilized/Irradiated (<3 years)'
shelf_life,I,Irradiated,,,ambient,,,,,,,,,,3,<,sourced,,NASA Hurdle Approach 2022 (Sirmons),https://ntrs.nasa.gov/api/citations/20220001872/downloads/Hurdle%20Approach_2022_FINAL_%20No%20audio.pdf,Hurdle 2022 slide 'Thermostabilized/Irradiated (<3 years)'
shelf_life,R,Rehydratable (freeze dried),,,ambient,,,,,,,,,,2,<=,sourced,,NASA Hurdle Approach 2022 (Sirmons),https://ntrs.nasa.gov/api/citations/20220001872/downloads/Hurdle%20Approach_2022_FINAL_%20No%20audio.pdf,Hurdle 2022 slide 'Freeze dried (<=2 years)'
shelf_life,NF,Natural Form - bite-size fruit,,,ambient,,,,,,,,,,1,<=,sourced,,NASA Hurdle Approach 2022 (Sirmons),https://ntrs.nasa.gov/api/citations/20220001872/downloads/Hurdle%20Approach_2022_FINAL_%20No%20audio.pdf,Hurdle 2022 slide 'Bite size - fruit (<=1 year)'
shelf_life,NF,Natural Form - bite-size other,,,ambient,,,,,,,,,,2,<=,sourced,,NASA Hurdle Approach 2022 (Sirmons),https://ntrs.nasa.gov/api/citations/20220001872/downloads/Hurdle%20Approach_2022_FINAL_%20No%20audio.pdf,Hurdle 2022 slide 'Bite-size - other (<=2 years)'
shelf_life,NF,Extended shelf-life breads,,,ambient,,,,,,,,,,2,<=,sourced,,NASA Hurdle Approach 2022 (Sirmons),https://ntrs.nasa.gov/api/citations/20220001872/downloads/Hurdle%20Approach_2022_FINAL_%20No%20audio.pdf,Hurdle 2022 slide 'Extended shelf-life breads (<=2 years)'
shelf_life,B,Beverage (freeze-dried powder),,,ambient,,,,,,,,,,2,<=,assumption,,NASA Hurdle Approach 2022 (Sirmons),https://ntrs.nasa.gov/api/citations/20220001872/downloads/Hurdle%20Approach_2022_FINAL_%20No%20audio.pdf,"No beverage-specific value in sources; beverages are freeze-dried powders, so the freeze-dried bound is applied (ASSUMPTION)"
shelf_life,IM,Intermediate Moisture,,,ambient,,,,,,,,,,,,gap,,NASA Hurdle Approach 2022 (Sirmons),https://ntrs.nasa.gov/api/citations/20220001872/downloads/Hurdle%20Approach_2022_FINAL_%20No%20audio.pdf,Not stated in fetched sources
shelf_life,FF,Fresh Food,,,ambient,,,,,,,,,,,,gap,,NASA Hurdle Approach 2022 (Sirmons),https://ntrs.nasa.gov/api/citations/20220001872/downloads/Hurdle%20Approach_2022_FINAL_%20No%20audio.pdf,Not stated in fetched sources; fresh produce arrives on resupply and is eaten within days-weeks (no numeric source fetched)
shelf_life,ALL,ISS standard menu (all items),,,ambient,,,,,,,,,,3,=,sourced,,NTRS 2025 overview + Hurdle 2022,https://ntrs.nasa.gov/api/citations/20250004456/downloads/ISS%20Food%20System%20Overview%20-%20ION%20052025.pdf ; https://ntrs.nasa.gov/api/citations/20220001872/downloads/Hurdle%20Approach_2022_FINAL_%20No%20audio.pdf,NTRS 2025 ISS Food System Overview: standard menu items have a 3-year shelf life; Hurdle 2022: 'current shelf-life is approximately 1-3 years'
decay_item,T,fruit,vitamin_c,Applesauce,21,208,164,35,mg/serving,3,0.1683,0.5941,0.2377,1.1668,,,digitized+derived,k = -ln(C_3yr/C_0)/3 ; k_1yr = -ln(C_1yr/C_0)/1 ; first-order assumption,"Cooper et al. 2017 npj Microgravity 3:17, Fig. 2",https://www.nature.com/articles/s41526-017-0022-z,Values digitized from npj Fig. 2 (675-px image): ~±3-5 mg. '*'/'**' are the figure's own markers (fortification-related per legend; paper notes increases in fortified products likely reflect encapsulation).
decay_item,T,fruit,vitamin_c,Pineapple in Pouch,21,178,145,77,mg/serving,3,0.4326,0.2793,0.205,2.4815,,,digitized+derived,k = -ln(C_3yr/C_0)/3 ; k_1yr = -ln(C_1yr/C_0)/1 ; first-order assumption,"Cooper et al. 2017 npj Microgravity 3:17, Fig. 2",https://www.nature.com/articles/s41526-017-0022-z,Values digitized from npj Fig. 2 (675-px image): ~±3-5 mg. '*'/'**' are the figure's own markers (fortification-related per legend; paper notes increases in fortified products likely reflect encapsulation).
decay_item,T,fruit dessert,vitamin_c,Apricot Cobbler,21,129,45,29,mg/serving,3,0.2248,0.4975,1.0531,1.3932,,,digitized+derived,k = -ln(C_3yr/C_0)/3 ; k_1yr = -ln(C_1yr/C_0)/1 ; first-order assumption,"Cooper et al. 2017 npj Microgravity 3:17, Fig. 2",https://www.nature.com/articles/s41526-017-0022-z,Values digitized from npj Fig. 2 (675-px image): ~±3-5 mg. '*'/'**' are the figure's own markers (fortification-related per legend; paper notes increases in fortified products likely reflect encapsulation).
decay_item,B,fortified beverage powder,vitamin_c,Orange Drink*,21,99,102,95,mg/serving,3,0.9596,0.0137,-0.0299,50.4193,,,digitized+derived,k = -ln(C_3yr/C_0)/3 ; k_1yr = -ln(C_1yr/C_0)/1 ; first-order assumption,"Cooper et al. 2017 npj Microgravity 3:17, Fig. 2",https://www.nature.com/articles/s41526-017-0022-z,Values digitized from npj Fig. 2 (675-px image): ~±3-5 mg. '*'/'**' are the figure's own markers (fortification-related per legend; paper notes increases in fortified products likely reflect encapsulation).
decay_item,R,fruit,vitamin_c,Strawberries*,21,99,97,68,mg/serving,3,0.6869,0.1252,0.0204,5.5361,,,digitized+derived,k = -ln(C_3yr/C_0)/3 ; k_1yr = -ln(C_1yr/C_0)/1 ; first-order assumption,"Cooper et al. 2017 npj Microgravity 3:17, Fig. 2",https://www.nature.com/articles/s41526-017-0022-z,Values digitized from npj Fig. 2 (675-px image): ~±3-5 mg. '*'/'**' are the figure's own markers (fortification-related per legend; paper notes increases in fortified products likely reflect encapsulation).
decay_item,T,fruit,vitamin_c,Citrus Fruit Salad,21,84,59,32,mg/serving,3,0.381,0.3217,0.3533,2.1547,,,digitized+derived,k = -ln(C_3yr/C_0)/3 ; k_1yr = -ln(C_1yr/C_0)/1 ; first-order assumption,"Cooper et al. 2017 npj Microgravity 3:17, Fig. 2",https://www.nature.com/articles/s41526-017-0022-z,Values digitized from npj Fig. 2 (675-px image): ~±3-5 mg. '*'/'**' are the figure's own markers (fortification-related per legend; paper notes increases in fortified products likely reflect encapsulation).
decay_item,T,fruit,vitamin_c,Tropical Fruit Salad,21,84,56,42,mg/serving,3,0.5,0.231,0.4055,3.0,,,digitized+derived,k = -ln(C_3yr/C_0)/3 ; k_1yr = -ln(C_1yr/C_0)/1 ; first-order assumption,"Cooper et al. 2017 npj Microgravity 3:17, Fig. 2",https://www.nature.com/articles/s41526-017-0022-z,Values digitized from npj Fig. 2 (675-px image): ~±3-5 mg. '*'/'**' are the figure's own markers (fortification-related per legend; paper notes increases in fortified products likely reflect encapsulation).
decay_item,R,fruit,vitamin_c,Berry Medley*,21,67,23,12,mg/serving,3,0.1791,0.5733,1.0692,1.2091,,,digitized+derived,k = -ln(C_3yr/C_0)/3 ; k_1yr = -ln(C_1yr/C_0)/1 ; first-order assumption,"Cooper et al. 2017 npj Microgravity 3:17, Fig. 2",https://www.nature.com/articles/s41526-017-0022-z,Values digitized from npj Fig. 2 (675-px image): ~±3-5 mg. '*'/'**' are the figure's own markers (fortification-related per legend; paper notes increases in fortified products likely reflect encapsulation).
decay_item,T,fruit,vitamin_c,Pears in Pouch,21,55,40,17,mg/serving,3,0.3091,0.3914,0.3185,1.7711,,,digitized+derived,k = -ln(C_3yr/C_0)/3 ; k_1yr = -ln(C_1yr/C_0)/1 ; first-order assumption,"Cooper et al. 2017 npj Microgravity 3:17, Fig. 2",https://www.nature.com/articles/s41526-017-0022-z,Values digitized from npj Fig. 2 (675-px image): ~±3-5 mg. '*'/'**' are the figure's own markers (fortification-related per legend; paper notes increases in fortified products likely reflect encapsulation).
decay_item,R,vegetable (with sauce),vitamin_c,Broccoli Au Gratin*,21,50,48,36,mg/serving,3,0.72,0.1095,0.0408,6.33,,,digitized+derived,k = -ln(C_3yr/C_0)/3 ; k_1yr = -ln(C_1yr/C_0)/1 ; first-order assumption,"Cooper et al. 2017 npj Microgravity 3:17, Fig. 2",https://www.nature.com/articles/s41526-017-0022-z,Values digitized from npj Fig. 2 (675-px image): ~±3-5 mg. '*'/'**' are the figure's own markers (fortification-related per legend; paper notes increases in fortified products likely reflect encapsulation).
decay_item,R,vegetable,vitamin_c,Spicy Green Beans*,21,46,39,5,mg/serving,3,0.1087,0.7397,0.1651,0.937,,,digitized+derived,k = -ln(C_3yr/C_0)/3 ; k_1yr = -ln(C_1yr/C_0)/1 ; first-order assumption,"Cooper et al. 2017 npj Microgravity 3:17, Fig. 2",https://www.nature.com/articles/s41526-017-0022-z,Values digitized from npj Fig. 2 (675-px image): ~±3-5 mg. '*'/'**' are the figure's own markers (fortification-related per legend; paper notes increases in fortified products likely reflect encapsulation).
decay_item,R,cereal (fortified),vitamin_c,Oatmeal w/ Brown Sugar,21,45,57,56,mg/serving,3,1.2444,-0.0729,-0.2364,,,,digitized+derived,k = -ln(C_3yr/C_0)/3 ; k_1yr = -ln(C_1yr/C_0)/1 ; first-order assumption,"Cooper et al. 2017 npj Microgravity 3:17, Fig. 2",https://www.nature.com/articles/s41526-017-0022-z,Values digitized from npj Fig. 2 (675-px image): ~±3-5 mg. '*'/'**' are the figure's own markers (fortification-related per legend; paper notes increases in fortified products likely reflect encapsulation). Content increased; treat k as 0 (paper attributes increases to encapsulation artifacts).
decay_item,B,fortified beverage powder,vitamin_c,Vanilla Breakfast Drink*,21,41,37,49,mg/serving,3,1.1951,-0.0594,0.1027,,,,digitized+derived,k = -ln(C_3yr/C_0)/3 ; k_1yr = -ln(C_1yr/C_0)/1 ; first-order assumption,"Cooper et al. 2017 npj Microgravity 3:17, Fig. 2",https://www.nature.com/articles/s41526-017-0022-z,Values digitized from npj Fig. 2 (675-px image): ~±3-5 mg. '*'/'**' are the figure's own markers (fortification-related per legend; paper notes increases in fortified products likely reflect encapsulation). Content increased; treat k as 0 (paper attributes increases to encapsulation artifacts).
decay_item,T,fruit,vitamin_c,Peaches in Pouch,21,35,22,16,mg/serving,3,0.4571,0.2609,0.4643,2.6566,,,digitized+derived,k = -ln(C_3yr/C_0)/3 ; k_1yr = -ln(C_1yr/C_0)/1 ; first-order assumption,"Cooper et al. 2017 npj Microgravity 3:17, Fig. 2",https://www.nature.com/articles/s41526-017-0022-z,Values digitized from npj Fig. 2 (675-px image): ~±3-5 mg. '*'/'**' are the figure's own markers (fortification-related per legend; paper notes increases in fortified products likely reflect encapsulation).
decay_item,R,soup,vitamin_c,Cream of Mushroom Soup*,21,35,,,mg/serving,3,,,,,,,digitized+derived,k = -ln(C_3yr/C_0)/3 ; k_1yr = -ln(C_1yr/C_0)/1 ; first-order assumption,"Cooper et al. 2017 npj Microgravity 3:17, Fig. 2",https://www.nature.com/articles/s41526-017-0022-z,Values digitized from npj Fig. 2 (675-px image): ~±3-5 mg. '*'/'**' are the figure's own markers (fortification-related per legend; paper notes increases in fortified products likely reflect encapsulation). No 3-year bar visible (below detection or not shown); k not derivable.
decay_item,R,vegetable (with sauce),vitamin_c,Cauliflower w/ Cheese*,21,27,33,21,mg/serving,3,0.7778,0.0838,-0.2007,8.2743,,,digitized+derived,k = -ln(C_3yr/C_0)/3 ; k_1yr = -ln(C_1yr/C_0)/1 ; first-order assumption,"Cooper et al. 2017 npj Microgravity 3:17, Fig. 2",https://www.nature.com/articles/s41526-017-0022-z,Values digitized from npj Fig. 2 (675-px image): ~±3-5 mg. '*'/'**' are the figure's own markers (fortification-related per legend; paper notes increases in fortified products likely reflect encapsulation).
decay_item,R,vegetable (starchy),vitamin_c,Homestyle Potatoes,21,27,20,15,mg/serving,3,0.5556,0.1959,0.3001,3.5377,,,digitized+derived,k = -ln(C_3yr/C_0)/3 ; k_1yr = -ln(C_1yr/C_0)/1 ; first-order assumption,"Cooper et al. 2017 npj Microgravity 3:17, Fig. 2",https://www.nature.com/articles/s41526-017-0022-z,Values digitized from npj Fig. 2 (675-px image): ~±3-5 mg. '*'/'**' are the figure's own markers (fortification-related per legend; paper notes increases in fortified products likely reflect encapsulation).
decay_item,R,vegetable (with sauce),vitamin_c,Teriyaki Vegetables*,21,25,29,26,mg/serving,3,1.04,-0.0131,-0.1484,,,,digitized+derived,k = -ln(C_3yr/C_0)/3 ; k_1yr = -ln(C_1yr/C_0)/1 ; first-order assumption,"Cooper et al. 2017 npj Microgravity 3:17, Fig. 2",https://www.nature.com/articles/s41526-017-0022-z,Values digitized from npj Fig. 2 (675-px image): ~±3-5 mg. '*'/'**' are the figure's own markers (fortification-related per legend; paper notes increases in fortified products likely reflect encapsulation). Content increased; treat k as 0 (paper attributes increases to encapsulation artifacts).
decay_item,R,vegetable,vitamin_c,Asparagus*,21,18,13,7,mg/serving,3,0.3889,0.3148,0.3254,2.2017,,,digitized+derived,k = -ln(C_3yr/C_0)/3 ; k_1yr = -ln(C_1yr/C_0)/1 ; first-order assumption,"Cooper et al. 2017 npj Microgravity 3:17, Fig. 2",https://www.nature.com/articles/s41526-017-0022-z,Values digitized from npj Fig. 2 (675-px image): ~±3-5 mg. '*'/'**' are the figure's own markers (fortification-related per legend; paper notes increases in fortified products likely reflect encapsulation).
decay_item,R,vegetable,vitamin_c,Sugar Snap Peas,21,17,2,,mg/serving,3,,,2.1401,,,,digitized+derived,k = -ln(C_3yr/C_0)/3 ; k_1yr = -ln(C_1yr/C_0)/1 ; first-order assumption,"Cooper et al. 2017 npj Microgravity 3:17, Fig. 2",https://www.nature.com/articles/s41526-017-0022-z,Values digitized from npj Fig. 2 (675-px image): ~±3-5 mg. '*'/'**' are the figure's own markers (fortification-related per legend; paper notes increases in fortified products likely reflect encapsulation). No 3-year bar visible (below detection or not shown); k not derivable.
decay_item,T,meat,vitamin_c,Beef Fajitas,21,16,10,3,mg/serving,3,0.1875,0.558,0.47,1.2422,,,digitized+derived,k = -ln(C_3yr/C_0)/3 ; k_1yr = -ln(C_1yr/C_0)/1 ; first-order assumption,"Cooper et al. 2017 npj Microgravity 3:17, Fig. 2",https://www.nature.com/articles/s41526-017-0022-z,Values digitized from npj Fig. 2 (675-px image): ~±3-5 mg. '*'/'**' are the figure's own markers (fortification-related per legend; paper notes increases in fortified products likely reflect encapsulation).
decay_item,T,fruit,vitamin_c,Apples with Spice,21,15,12,7,mg/serving,3,0.4667,0.254,0.2231,2.7284,,,digitized+derived,k = -ln(C_3yr/C_0)/3 ; k_1yr = -ln(C_1yr/C_0)/1 ; first-order assumption,"Cooper et al. 2017 npj Microgravity 3:17, Fig. 2",https://www.nature.com/articles/s41526-017-0022-z,Values digitized from npj Fig. 2 (675-px image): ~±3-5 mg. '*'/'**' are the figure's own markers (fortification-related per legend; paper notes increases in fortified products likely reflect encapsulation).
decay_item,I,meat,vitamin_c,Smoked Turkey,21,13,13,12,mg/serving,3,0.9231,0.0267,-0.0,25.9792,,,digitized+derived,k = -ln(C_3yr/C_0)/3 ; k_1yr = -ln(C_1yr/C_0)/1 ; first-order assumption,"Cooper et al. 2017 npj Microgravity 3:17, Fig. 2",https://www.nature.com/articles/s41526-017-0022-z,Values digitized from npj Fig. 2 (675-px image): ~±3-5 mg. '*'/'**' are the figure's own markers (fortification-related per legend; paper notes increases in fortified products likely reflect encapsulation).
decay_item,NF,cereal (fortified),vitamin_c,Cornflakes**,21,12,11,4,mg/serving,3,0.3333,0.3662,0.087,1.8928,,,digitized+derived,k = -ln(C_3yr/C_0)/3 ; k_1yr = -ln(C_1yr/C_0)/1 ; first-order assumption,"Cooper et al. 2017 npj Microgravity 3:17, Fig. 2",https://www.nature.com/articles/s41526-017-0022-z,Values digitized from npj Fig. 2 (675-px image): ~±3-5 mg. '*'/'**' are the figure's own markers (fortification-related per legend; paper notes increases in fortified products likely reflect encapsulation).
decay_group,,all foods,vitamin_b6,all foods (highest-concentration foods),21,,,,fraction lost over 3 yr,3,0.855,0.0522,,13.2741,,,sourced+derived,k = -ln(1-loss)/3,"Cooper et al. 2017 npj Microgravity, Results text / Fig. 3",https://www.nature.com/articles/s41526-017-0022-z,sourced (text: 'degrading an average of 14.5%... over 3 years')
decay_group,T/I,chicken products,vitamin_b6,chicken products,21,,,,fraction lost over 3 yr,3,0.74,0.1004,,6.906,,,sourced+derived,k = -ln(1-loss)/3,"Cooper et al. 2017 npj Microgravity, Results text / Fig. 3",https://www.nature.com/articles/s41526-017-0022-z,sourced (text: chicken 26%)
decay_group,T/I,beef products,vitamin_b6,beef products,21,,,,fraction lost over 3 yr,3,0.78,0.0828,,8.3693,,,sourced+derived,k = -ln(1-loss)/3,"Cooper et al. 2017 npj Microgravity, Results text / Fig. 3",https://www.nature.com/articles/s41526-017-0022-z,sourced (text: beef 22%)
decay_group,NF,breads,vitamin_b1,breads (median),21,,,,fraction lost over 3 yr,3,0.79,0.0786,,8.8216,,,digitized+derived,k = -ln(1-loss)/3,"Cooper et al. 2017 npj Microgravity, Results text / Fig. 3",https://www.nature.com/articles/s41526-017-0022-z,"digitized Fig. 3 box plot median ~21% (IQR ~6-29%, range 0-50%)"
decay_group,T/I,meats,vitamin_b1,meats (median),21,,,,fraction lost over 3 yr,3,0.3,0.4013,,1.7271,,,digitized+derived,k = -ln(1-loss)/3,"Cooper et al. 2017 npj Microgravity, Results text / Fig. 3",https://www.nature.com/articles/s41526-017-0022-z,"digitized Fig. 3 box plot median ~70% (IQR ~55-86%, range 50-97%)"
decay_group,T/R,fruit products,vitamin_c,fruit products (range low),21,,,,fraction lost over 3 yr,3,0.68,0.1286,,5.3919,,,sourced+derived,k = -ln(1-loss)/3,"Cooper et al. 2017 npj Microgravity, Results text / Fig. 3",https://www.nature.com/articles/s41526-017-0022-z,sourced (text: vitamin C in most fruit products degraded between 32 and 83%)
decay_group,T/R,fruit products,vitamin_c,fruit products (range high),21,,,,fraction lost over 3 yr,3,0.17,0.5907,,1.1735,,,sourced+derived,k = -ln(1-loss)/3,"Cooper et al. 2017 npj Microgravity, Results text / Fig. 3",https://www.nature.com/articles/s41526-017-0022-z,sourced (text: 32-83%)
decay_system,ALL,"whole ISS standard menu (2012), beverages excluded",vitamin_b12,system total,21,345,305,303,% of recommended daily intake delivered,3,0.8783,0.0433,0.1232,16.0189,,,digitized+derived,pixel-measured bar lengths from Fig. 1 (~±1-2 percentage points); k=-ln(C3/C0)/3,"Cooper et al. 2017 npj Microgravity, Fig. 1",https://www.nature.com/articles/s41526-017-0022-z,
decay_system,ALL,"whole ISS standard menu (2012), beverages excluded",vitamin_b6,system total,21,197,187,176,% of recommended daily intake delivered,3,0.8934,0.0376,0.0521,18.4479,,,digitized+derived,pixel-measured bar lengths from Fig. 1 (~±1-2 percentage points); k=-ln(C3/C0)/3,"Cooper et al. 2017 npj Microgravity, Fig. 1",https://www.nature.com/articles/s41526-017-0022-z,
decay_system,ALL,"whole ISS standard menu (2012), beverages excluded",vitamin_a,system total,21,358,322,312,% of recommended daily intake delivered,3,0.8715,0.0458,0.106,15.1199,,,digitized+derived,pixel-measured bar lengths from Fig. 1 (~±1-2 percentage points); k=-ln(C3/C0)/3,"Cooper et al. 2017 npj Microgravity, Fig. 1",https://www.nature.com/articles/s41526-017-0022-z,
decay_system,ALL,"whole ISS standard menu (2012), beverages excluded",vitamin_b1,system total,21,119,106,72,% of recommended daily intake delivered,3,0.605,0.1675,0.1157,4.1385,,,digitized+derived,pixel-measured bar lengths from Fig. 1 (~±1-2 percentage points); k=-ln(C3/C0)/3,"Cooper et al. 2017 npj Microgravity, Fig. 1",https://www.nature.com/articles/s41526-017-0022-z,
decay_system,ALL,"whole ISS standard menu (2012), beverages excluded",vitamin_c,system total,21,221,164,103,% of recommended daily intake delivered,3,0.4661,0.2545,0.2983,2.7238,,,digitized+derived,pixel-measured bar lengths from Fig. 1 (~±1-2 percentage points); k=-ln(C3/C0)/3,"Cooper et al. 2017 npj Microgravity, Fig. 1",https://www.nature.com/articles/s41526-017-0022-z,
decay_system,ALL,"whole ISS standard menu (2012), beverages excluded",calcium,system total,21,90,93,91,% of recommended daily intake delivered,3,1.0111,0,-0.0328,,,,digitized+derived,pixel-measured bar lengths from Fig. 1 (~±1-2 percentage points); k=-ln(C3/C0)/3,"Cooper et al. 2017 npj Microgravity, Fig. 1",https://www.nature.com/articles/s41526-017-0022-z,Minerals do not decay; small changes are analytical noise
decay_system,ALL,"whole ISS standard menu (2012), beverages excluded",potassium,system total,21,86,86,85,% of recommended daily intake delivered,3,0.9884,0.0039,-0.0,177.7902,,,digitized+derived,pixel-measured bar lengths from Fig. 1 (~±1-2 percentage points); k=-ln(C3/C0)/3,"Cooper et al. 2017 npj Microgravity, Fig. 1",https://www.nature.com/articles/s41526-017-0022-z,Minerals do not decay; small changes are analytical noise
decay_system,ALL,"whole ISS standard menu (2012), beverages excluded",vitamin_k,system total,21,88,78,78,% of recommended daily intake delivered,3,0.8864,0.0402,0.1206,17.2385,,,digitized+derived,pixel-measured bar lengths from Fig. 1 (~±1-2 percentage points); k=-ln(C3/C0)/3,"Cooper et al. 2017 npj Microgravity, Fig. 1",https://www.nature.com/articles/s41526-017-0022-z,
decay_system,ALL,"whole ISS standard menu (2012), beverages excluded",vitamin_d,system total,21,25,22,20,% of recommended daily intake delivered,3,0.8,0.0744,0.1278,9.3189,,,digitized+derived,pixel-measured bar lengths from Fig. 1 (~±1-2 percentage points); k=-ln(C3/C0)/3,"Cooper et al. 2017 npj Microgravity, Fig. 1",https://www.nature.com/articles/s41526-017-0022-z,Small bar; low precision
decay_bound,T,fruit dessert,vitamin_b1,Apricot Cobbler (all temps),21/4/-20,,,,,3.667,>=0.85,0.0443,,,,,sourced+derived (upper bound),k_max = -ln(0.85)/(44/12),NASA Hurdle 2022 slide 17,https://ntrs.nasa.gov/api/citations/20220001872/downloads/Hurdle%20Approach_2022_FINAL_%20No%20audio.pdf,'All samples maintained 85% of the original thiamin concentration' at 44 months; k is an UPPER bound
decay_bound,T,fruit dessert,folate,Apricot Cobbler (folic acid),21/4/-20,,,,,3.667,undetectable,,,,,,sourced (qualitative),,NASA Hurdle 2022 slide 17,https://ntrs.nasa.gov/api/citations/20220001872/downloads/Hurdle%20Approach_2022_FINAL_%20No%20audio.pdf,'Folic Acid degraded to undetectable levels after 44 months'; no k derivable without detection limit
decay_bound,R,fruit,all measured nutrients,Strawberries (freeze-dried),21/4/-20,,,,,3.583,<0.85,0.0454,,,,,sourced+derived (lower bound),k_min = -ln(0.85)/(43/12),NASA Hurdle 2022 slide 16,https://ntrs.nasa.gov/api/citations/20220001872/downloads/Hurdle%20Approach_2022_FINAL_%20No%20audio.pdf,'All nutrients fell below 85% of the original concentration after 43 months'; anthocyanins extremely unstable; k is a LOWER bound
decay_bound,T,meat entree,niacin; vitamin_b6,Turkey Tetrazzini,21/4/-20,,,,,3.417,stable,0.0,,,,,sourced (qualitative),,NASA Hurdle 2022 slide 15,https://ntrs.nasa.gov/api/citations/20220001872/downloads/Hurdle%20Approach_2022_FINAL_%20No%20audio.pdf,'Niacin and vitamin B6 remained stable at all temperatures' (41 months); k=0 is an interpretation of 'stable'
decay_bound,NF,dried fruit,beta-carotene (provitamin A),Dried Apricots,21/4/-20,,,,,3.833,<0.85,0.0424,,,,,sourced+derived (lower bound),k_min=-ln(0.85)/(46/12),NASA Hurdle 2022 slide 14,https://ntrs.nasa.gov/api/citations/20220001872/downloads/Hurdle%20Approach_2022_FINAL_%20No%20audio.pdf,'Beta-carotene fell below 85% at all temperatures; extremely unstable at 21C'
decay_bound,T/R,fortified entrees/sides,vitamin_b1,Fortified premix foods @35C,35,,,,,,,,,,,,sourced (qualitative),,Food Fortification Stability Study (NTRS 20160001048),https://ntrs.nasa.gov/citations/20160001048,"Thiamin degraded rapidly during first year at 35C; vitamin E, K, pantothenic acid, folic acid appeared stable over 1 yr. No numbers in public abstract."
decay_bound,ALL,all,vitamin_b2; vitamin_e,standard menu,21,,,,,,,,,,,,sourced (qualitative),,Cooper et al. 2017 Discussion,https://www.nature.com/articles/s41526-017-0022-z,Degraded on a food-specific basis but did not substantially shift nutrient delivery (data not shown)
fallback_default,,fruit (any type),vitamin_c,DEFAULT for user-entered/unmapped foods,21,,,,,,,0.3005,,2.3066,,,derived_default,"C(t)=C0*exp(-k*t_years); choose most specific category row, else 'any other food'/'any food'",derived from rows above,https://www.nature.com/articles/s41526-017-0022-z ; https://ntrs.nasa.gov/api/citations/20220001872/downloads/Hurdle%20Approach_2022_FINAL_%20No%20audio.pdf,"median of 10 fruit items, npj Fig. 2"
fallback_default,,vegetable (any type),vitamin_c,DEFAULT for user-entered/unmapped foods,21,,,,,,,0.1527,,4.5388,,,derived_default,"C(t)=C0*exp(-k*t_years); choose most specific category row, else 'any other food'/'any food'",derived from rows above,https://www.nature.com/articles/s41526-017-0022-z ; https://ntrs.nasa.gov/api/citations/20220001872/downloads/Hurdle%20Approach_2022_FINAL_%20No%20audio.pdf,"median of 6 vegetable items, npj Fig. 2"
fallback_default,,fortified beverage powder,vitamin_c,DEFAULT for user-entered/unmapped foods,21,,,,,,,0.0,,,,,derived_default,"C(t)=C0*exp(-k*t_years); choose most specific category row, else 'any other food'/'any food'",derived from rows above,https://www.nature.com/articles/s41526-017-0022-z ; https://ntrs.nasa.gov/api/citations/20220001872/downloads/Hurdle%20Approach_2022_FINAL_%20No%20audio.pdf,Orange Drink / Vanilla Breakfast Drink showed ~no net loss (npj Fig. 2)
fallback_default,,any other food,vitamin_c,DEFAULT for user-entered/unmapped foods,21,,,,,,,0.2575,,2.692,,,derived_default,"C(t)=C0*exp(-k*t_years); choose most specific category row, else 'any other food'/'any food'",derived from rows above,https://www.nature.com/articles/s41526-017-0022-z ; https://ntrs.nasa.gov/api/citations/20220001872/downloads/Hurdle%20Approach_2022_FINAL_%20No%20audio.pdf,"median of all 22 items with 3-yr values, negative k clipped to 0, npj Fig. 2"
fallback_default,,"meat / poultry / fish (T, I, R)",vitamin_b1,DEFAULT for user-entered/unmapped foods,21,,,,,,,0.4013,,1.7271,,,derived_default,"C(t)=C0*exp(-k*t_years); choose most specific category row, else 'any other food'/'any food'",derived from rows above,https://www.nature.com/articles/s41526-017-0022-z ; https://ntrs.nasa.gov/api/citations/20220001872/downloads/Hurdle%20Approach_2022_FINAL_%20No%20audio.pdf,Fig. 3 meat median 70% loss over 3 yr
fallback_default,,bread / tortilla / bakery (NF),vitamin_b1,DEFAULT for user-entered/unmapped foods,21,,,,,,,0.0786,,8.8216,,,derived_default,"C(t)=C0*exp(-k*t_years); choose most specific category row, else 'any other food'/'any food'",derived from rows above,https://www.nature.com/articles/s41526-017-0022-z ; https://ntrs.nasa.gov/api/citations/20220001872/downloads/Hurdle%20Approach_2022_FINAL_%20No%20audio.pdf,Fig. 3 bread median 21% loss over 3 yr
fallback_default,,any other food,vitamin_b1,DEFAULT for user-entered/unmapped foods,21,,,,,,,0.1675,,4.1385,,,derived_default,"C(t)=C0*exp(-k*t_years); choose most specific category row, else 'any other food'/'any food'",derived from rows above,https://www.nature.com/articles/s41526-017-0022-z ; https://ntrs.nasa.gov/api/citations/20220001872/downloads/Hurdle%20Approach_2022_FINAL_%20No%20audio.pdf,whole-menu Fig. 1 decline 119->72 %RDI
fallback_default,,chicken / poultry,vitamin_b6,DEFAULT for user-entered/unmapped foods,21,,,,,,,0.1004,,6.906,,,derived_default,"C(t)=C0*exp(-k*t_years); choose most specific category row, else 'any other food'/'any food'",derived from rows above,https://www.nature.com/articles/s41526-017-0022-z ; https://ntrs.nasa.gov/api/citations/20220001872/downloads/Hurdle%20Approach_2022_FINAL_%20No%20audio.pdf,text: 26% over 3 yr
fallback_default,,beef,vitamin_b6,DEFAULT for user-entered/unmapped foods,21,,,,,,,0.0828,,8.3693,,,derived_default,"C(t)=C0*exp(-k*t_years); choose most specific category row, else 'any other food'/'any food'",derived from rows above,https://www.nature.com/articles/s41526-017-0022-z ; https://ntrs.nasa.gov/api/citations/20220001872/downloads/Hurdle%20Approach_2022_FINAL_%20No%20audio.pdf,text: 22% over 3 yr
fallback_default,,any other food,vitamin_b6,DEFAULT for user-entered/unmapped foods,21,,,,,,,0.0522,,13.2741,,,derived_default,"C(t)=C0*exp(-k*t_years); choose most specific category row, else 'any other food'/'any food'",derived from rows above,https://www.nature.com/articles/s41526-017-0022-z ; https://ntrs.nasa.gov/api/citations/20220001872/downloads/Hurdle%20Approach_2022_FINAL_%20No%20audio.pdf,text: 14.5% average over 3 yr
fallback_default,,any food,vitamin_a,DEFAULT for user-entered/unmapped foods,21,,,,,,,0.0458,,15.1199,,,derived_default,"C(t)=C0*exp(-k*t_years); choose most specific category row, else 'any other food'/'any food'",derived from rows above,https://www.nature.com/articles/s41526-017-0022-z ; https://ntrs.nasa.gov/api/citations/20220001872/downloads/Hurdle%20Approach_2022_FINAL_%20No%20audio.pdf,whole-menu Fig. 1 decline 358->312 %RDI
fallback_default,,any food,vitamin_b12,DEFAULT for user-entered/unmapped foods,21,,,,,,,0.0433,,16.0189,,,derived_default,"C(t)=C0*exp(-k*t_years); choose most specific category row, else 'any other food'/'any food'",derived from rows above,https://www.nature.com/articles/s41526-017-0022-z ; https://ntrs.nasa.gov/api/citations/20220001872/downloads/Hurdle%20Approach_2022_FINAL_%20No%20audio.pdf,whole-menu Fig. 1 decline 345->303 %RDI
fallback_default,,any food,vitamin_k,DEFAULT for user-entered/unmapped foods,21,,,,,,,0.0402,,17.2385,,,derived_default,"C(t)=C0*exp(-k*t_years); choose most specific category row, else 'any other food'/'any food'",derived from rows above,https://www.nature.com/articles/s41526-017-0022-z ; https://ntrs.nasa.gov/api/citations/20220001872/downloads/Hurdle%20Approach_2022_FINAL_%20No%20audio.pdf,whole-menu Fig. 1 decline 88->78 %RDI
fallback_default,,any food,vitamin_d,DEFAULT for user-entered/unmapped foods,21,,,,,,,0.0744,,9.3189,,,derived_default,"C(t)=C0*exp(-k*t_years); choose most specific category row, else 'any other food'/'any food'",derived from rows above,https://www.nature.com/articles/s41526-017-0022-z ; https://ntrs.nasa.gov/api/citations/20220001872/downloads/Hurdle%20Approach_2022_FINAL_%20No%20audio.pdf,whole-menu Fig. 1 decline 25->20 %RDI (low precision)
fallback_default,,any food,niacin,DEFAULT for user-entered/unmapped foods,21,,,,,,,0.0,,,,,derived_default,"C(t)=C0*exp(-k*t_years); choose most specific category row, else 'any other food'/'any food'",derived from rows above,https://www.nature.com/articles/s41526-017-0022-z ; https://ntrs.nasa.gov/api/citations/20220001872/downloads/Hurdle%20Approach_2022_FINAL_%20No%20audio.pdf,Hurdle 2022: niacin stable at all temps (turkey tetrazzini)
fallback_default,,any food,vitamin_b2,DEFAULT for user-entered/unmapped foods,21,,,,,,,0.0,,,,,derived_default,"C(t)=C0*exp(-k*t_years); choose most specific category row, else 'any other food'/'any food'",derived from rows above,https://www.nature.com/articles/s41526-017-0022-z ; https://ntrs.nasa.gov/api/citations/20220001872/downloads/Hurdle%20Approach_2022_FINAL_%20No%20audio.pdf,"npj: food-specific, not quantified -> 0 placeholder; FLAG in UI as unknown"
fallback_default,,any food,vitamin_e,DEFAULT for user-entered/unmapped foods,21,,,,,,,0.0,,,,,derived_default,"C(t)=C0*exp(-k*t_years); choose most specific category row, else 'any other food'/'any food'",derived from rows above,https://www.nature.com/articles/s41526-017-0022-z ; https://ntrs.nasa.gov/api/citations/20220001872/downloads/Hurdle%20Approach_2022_FINAL_%20No%20audio.pdf,"npj: food-specific, not quantified; FFS: E stable 1 yr -> 0 placeholder"
fallback_default,,any food,folate,DEFAULT for user-entered/unmapped foods,21,,,,,,,,,,,,gap,"C(t)=C0*exp(-k*t_years); choose most specific category row, else 'any other food'/'any food'",derived from rows above,https://www.nature.com/articles/s41526-017-0022-z ; https://ntrs.nasa.gov/api/citations/20220001872/downloads/Hurdle%20Approach_2022_FINAL_%20No%20audio.pdf,"No k derivable: npj says 'may have stability issues'; Hurdle: folic acid undetectable at 44 mo in Apricot Cobbler. Suggest UI warning, or conservative k from strawberry lower bound 0.0454"
fallback_default,,fresh food (FF),all vitamins,DEFAULT for user-entered/unmapped foods,21,,,,,,,,,,,,gap,"C(t)=C0*exp(-k*t_years); choose most specific category row, else 'any other food'/'any food'",derived from rows above,https://www.nature.com/articles/s41526-017-0022-z ; https://ntrs.nasa.gov/api/citations/20220001872/downloads/Hurdle%20Approach_2022_FINAL_%20No%20audio.pdf,No source data on fresh-food decay in fetched docs; do not apply shelf-stable k
