item,food_type,menu_mass_g,menu_kcal,fdc_id,fdc_description,fdc_dataset,match_confidence,match_notes,usda_kcal_per_100g,vit_a_rae_ug_per100g,vit_c_mg_per100g,vit_d_ug_per100g,vit_e_mg_per100g,vit_k_ug_per100g,thiamin_b1_mg_per100g,riboflavin_b2_mg_per100g,niacin_b3_mg_per100g,vit_b6_mg_per100g,vit_b12_ug_per100g,folate_dfe_ug_per100g,scaling_basis,serving_equiv_g,vit_a_rae_ug_per_serving_est,vit_c_mg_per_serving_est,vit_d_ug_per_serving_est,vit_e_mg_per_serving_est,vit_k_ug_per_serving_est,thiamin_b1_mg_per_serving_est,riboflavin_b2_mg_per_serving_est,niacin_b3_mg_per_serving_est,vit_b6_mg_per_serving_est,vit_b12_ug_per_serving_est,folate_dfe_ug_per_serving_est
Almonds,NF,45,243,170158,"Nuts, almonds, dry roasted, without salt added",SR Legacy (2018-04),high,,598,0,0,0,23.9,0,0.077,1.197,3.637,0.136,0,55,mass (menu mass_g; USDA form comparable to packaged form),45.0,0.0,0.0,0.0,10.755,0.0,0.035,0.539,1.637,0.061,0.0,24.75
Apple Cider,B,28.7,112.5,173933,"Apple juice, canned or bottled, unsweetened, without added ascorbic acid",SR Legacy (2018-04),medium,ISS item is a drink-mix powder (28.7 g); matched to apple juice (as consumed); use energy-based scaling,46,0,0.9,0,0.01,0,0.021,0.017,0.073,0.018,0,0,energy (menu kcal / USDA kcal per 100 g; corrects dry vs. rehydrated mass),244.6,0.0,2.201,0.0,0.024,0.0,0.051,0.042,0.179,0.044,0.0,0.0
Apples with Spice,T,143,137.28,173930,"Apples, canned, sweetened, sliced, drained, heated",SR Legacy (2018-04),medium,spices not represented,67,3,0.2,0,0.21,0.6,0.009,0.01,0.081,0.044,0,0,mass (menu mass_g; USDA form comparable to packaged form),143.0,4.29,0.286,0.0,0.3,0.858,0.013,0.014,0.116,0.063,0.0,0.0
Applesauce,T,128,132,171695,"Applesauce, canned, unsweetened, without added ascorbic acid (Includes foods for USDA's Food Distribution Program)",SR Legacy (2018-04),high,,42,1,1,0,0.16,0.5,0.026,0.03,0.084,0.027,0,3,mass (menu mass_g; USDA form comparable to packaged form),128.0,1.28,1.28,0.0,0.205,0.64,0.033,0.038,0.108,0.035,0.0,3.84
Apricot Cobbler,T,170,330,2708022,"Cobbler, peach",FNDDS 2021-2023 (FDC release 2024-10-31),low,no apricot cobbler in FDC; peach cobbler used as nearest fruit cobbler,217,14,1.7,0,0.42,3.2,0.095,0.062,1.319,0.032,0,32,mass (menu mass_g; USDA form comparable to packaged form),170.0,23.8,2.89,0.0,0.714,5.44,0.161,0.105,2.242,0.054,0.0,54.4
Asparagus,R,8.4,22,168390,"Asparagus, cooked, boiled, drained",SR Legacy (2018-04),medium,ISS item freeze-dried (8.4 g dry); matched to cooked asparagus; use energy-based scaling,22,50,7.7,0,1.5,50.6,0.162,0.139,1.084,0.079,0,149,energy (menu kcal / USDA kcal per 100 g; corrects dry vs. rehydrated mass),100.0,50.0,7.7,0.0,1.5,50.6,0.162,0.139,1.084,0.079,0.0,149.0
Baked Beans,T,142,158,175182,"Beans, baked, canned, plain or vegetarian",SR Legacy (2018-04),high,,94,5,0,0,0.15,0.8,0.096,0.039,0.428,0.084,0,12,mass (menu mass_g; USDA form comparable to packaged form),142.0,7.1,0.0,0.0,0.213,1.136,0.136,0.055,0.608,0.119,0.0,17.04
Banana Pudding,R,114,124,2705697,Banana pudding,FNDDS 2021-2023 (FDC release 2024-10-31),medium,FNDDS banana pudding (as eaten); ISS item rehydratable,160,20,3.2,0.3,0.26,1,0.061,0.107,0.544,0.081,0.18,19,energy (menu kcal / USDA kcal per 100 g; corrects dry vs. rehydrated mass),77.5,15.5,2.48,0.233,0.202,0.775,0.047,0.083,0.422,0.063,0.139,14.725
Barbecued Beef Brisket,I,118,231,2705851,"Beef, brisket",FNDDS 2021-2023 (FDC release 2024-10-31),medium,FNDDS beef brisket; BBQ sauce not included,231,1,0,0.2,0.14,1.7,0.071,0.222,3.702,0.354,2.57,8,mass (menu mass_g; USDA form comparable to packaged form),118.0,1.18,0.0,0.236,0.165,2.006,0.084,0.262,4.368,0.418,3.033,9.44
Beef Fajitas,I,125,187,2708605,"Fajita, beef or pork",FNDDS 2021-2023 (FDC release 2024-10-31),medium,FNDDS fajita beef or pork (includes tortilla); ISS item is filling only,231,21,23.9,0,1.25,9.5,0.199,0.225,3.561,0.239,0.91,58,mass (menu mass_g; USDA form comparable to packaged form),125.0,26.25,29.875,0.0,1.562,11.875,0.249,0.281,4.451,0.299,1.137,72.5
Beef Pattie,R,24,89.4,171797,"Beef, ground, 80% lean meat / 20% fat, patty, cooked, broiled",SR Legacy (2018-04),medium,ISS item freeze-dried; matched to cooked 80/20 patty,270,3,0,0,0.12,1.6,0.047,0.176,5.098,0.366,2.73,10,energy (menu kcal / USDA kcal per 100 g; corrects dry vs. rehydrated mass),33.1,0.993,0.0,0.0,0.04,0.53,0.016,0.058,1.688,0.121,0.904,3.311
Beef Steak,I,100,208,168732,"Beef, shoulder steak, boneless, separable lean only, trimmed to 0"" fat, select, cooked, grilled",SR Legacy (2018-04),medium,generic grilled lean steak; ISS item irradiated,169,2,0,0.1,0.07,1.6,0.1,0.235,5.435,0.674,3.62,7,mass (menu mass_g; USDA form comparable to packaged form),100.0,2.0,0.0,0.1,0.07,1.6,0.1,0.235,5.435,0.674,3.62,7.0
Beef Stew,T,198,150.5,173330,"Beef stew, canned entree",SR Legacy (2018-04),high,,99,11,0.7,0,0.27,6.2,0.073,0.053,1.096,0.087,0.5,14,mass (menu mass_g; USDA form comparable to packaged form),198.0,21.78,1.386,0.0,0.535,12.276,0.145,0.105,2.17,0.172,0.99,27.72
Beef Tips w/ Mushrooms,I,138,182.2,2706379,Beef with gravy,FNDDS 2021-2023 (FDC release 2024-10-31),medium,FNDDS beef with gravy,156,0,0,0.1,0.33,1.2,0.056,0.129,3.816,0.288,1.19,8,mass (menu mass_g; USDA form comparable to packaged form),138.0,0.0,0.0,0.138,0.455,1.656,0.077,0.178,5.266,0.397,1.642,11.04
Berry Medley,R,31,105,2709271,"Berries, NFS",FNDDS 2021-2023 (FDC release 2024-10-31),medium,FNDDS Berries NFS; ISS item freeze-dried,44,2,44.2,0,0.37,7.3,0.029,0.024,0.396,0.04,0,7,energy (menu kcal / USDA kcal per 100 g; corrects dry vs. rehydrated mass),238.6,4.773,105.477,0.0,0.883,17.42,0.069,0.057,0.945,0.095,0.0,16.705
Black Beans,T,170,114,173735,"Beans, black, mature seeds, cooked, boiled, without salt",SR Legacy (2018-04),high,,132,0,0,0,0.87,3.3,0.244,0.059,0.505,0.069,0,149,mass (menu mass_g; USDA form comparable to packaged form),170.0,0.0,0.0,0.0,1.479,5.61,0.415,0.1,0.858,0.117,0.0,253.3
Blueberry Raspberry Yogurt,T,140,120,2705427,"Yogurt, low fat milk, fruit",FNDDS 2021-2023 (FDC release 2024-10-31),medium,FNDDS low-fat fruit yogurt; ISS item thermostabilized,93,12,1.9,1.2,0.04,0.2,0.04,0.195,0.103,0.045,0.48,11,mass (menu mass_g; USDA form comparable to packaged form),140.0,16.8,2.66,1.68,0.056,0.28,0.056,0.273,0.144,0.063,0.672,15.4
Bran Chex,R,40,135,173888,"Cereals ready-to-eat, POST Bran Flakes",SR Legacy (2018-04),low,Bran Chex not in SR Legacy/FNDDS; POST Bran Flakes used (fortification levels differ),328,749,0,3.3,0.77,1.4,1.3,1.4,16.7,1.7,5,1120,mass (menu mass_g; USDA form comparable to packaged form),40.0,299.6,0.0,1.32,0.308,0.56,0.52,0.56,6.68,0.68,2.0,448.0
Bread Pudding,T,170,219,2705680,"Pudding, bread",FNDDS 2021-2023 (FDC release 2024-10-31),high,,156,77,0.2,1.1,0.38,2.4,0.1,0.188,0.794,0.061,0.22,26,mass (menu mass_g; USDA form comparable to packaged form),170.0,130.9,0.34,1.87,0.646,4.08,0.17,0.32,1.35,0.104,0.374,44.2
Breakfast Sausage Links,I,70,155,174578,"Pork sausage, link/patty, cooked, pan-fried",SR Legacy (2018-04),high,,325,28,0,1.4,0.9,0,0.256,0.176,6.119,0.195,0.98,1,mass (menu mass_g; USDA form comparable to packaged form),70.0,19.6,0.0,0.98,0.63,0.0,0.179,0.123,4.283,0.137,0.686,0.7
Broccoli au Gratin,R,30,124,169967,"Broccoli, cooked, boiled, drained, without salt",SR Legacy (2018-04),low,cheese sauce not represented; plain cooked broccoli,35,77,64.9,0,1.45,141.1,0.063,0.123,0.553,0.2,0,108,energy (menu kcal / USDA kcal per 100 g; corrects dry vs. rehydrated mass),354.3,272.8,229.931,0.0,5.137,499.897,0.223,0.436,1.959,0.709,0.0,382.629
Brown Rice,T,121,161,169704,"Rice, brown, long-grain, cooked (Includes foods for USDA's Food Distribution Program)",SR Legacy (2018-04),high,,123,0,0,0,0.17,0.2,0.178,0.069,2.561,0.123,0,9,mass (menu mass_g; USDA form comparable to packaged form),121.0,0.0,0.0,0.0,0.206,0.242,0.215,0.083,3.099,0.149,0.0,10.89
Brownie,NF,61,268,172713,"Cookies, brownies, commercially prepared",SR Legacy (2018-04),high,,405,20,0,0,0.15,6.5,0.255,0.21,1.721,0.035,0.07,72,mass (menu mass_g; USDA form comparable to packaged form),61.0,12.2,0.0,0.0,0.091,3.965,0.156,0.128,1.05,0.021,0.043,43.92
Butter Cookies,NF,34,150,174950,"Cookies, butter, commercially prepared, enriched",SR Legacy (2018-04),high,,467,165,0,0.4,0.58,1.7,0.37,0.335,3.19,0.036,0.36,125,mass (menu mass_g; USDA form comparable to packaged form),34.0,56.1,0.0,0.136,0.197,0.578,0.126,0.114,1.085,0.012,0.122,42.5
Butterscotch Pudding,T,114,123,2705692,"Pudding, flavors other than chocolate, ready-to-eat",FNDDS 2021-2023 (FDC release 2024-10-31),medium,"FNDDS pudding flavors other than chocolate, ready-to-eat",130,2,0.2,0,0.3,0.6,0.019,0.071,0.057,0.019,0.15,2,mass (menu mass_g; USDA form comparable to packaged form),114.0,2.28,0.228,0.0,0.342,0.684,0.022,0.081,0.065,0.022,0.171,2.28
Candied Yams,T,170,129,2709704,"Sweet potato, candied",FNDDS 2021-2023 (FDC release 2024-10-31),high,,187,514,9.3,0,0.66,2.7,0.03,0.048,0.305,0.103,0,7,mass (menu mass_g; USDA form comparable to packaged form),170.0,873.8,15.81,0.0,1.122,4.59,0.051,0.082,0.518,0.175,0.0,11.9
Candy Coated Almonds,NF,45,230,170656,"Candies, sugar-coated almonds",SR Legacy (2018-04),high,,465,0,0,0,12.36,0,0.05,0.27,1,0.06,0,15,mass (menu mass_g; USDA form comparable to packaged form),45.0,0.0,0.0,0.0,5.562,0.0,0.022,0.121,0.45,0.027,0.0,6.75
Candy Coated Chocolates,NF,30,141,169583,"Candies, MARS SNACKFOOD US, M&M's Milk Chocolate Candies",SR Legacy (2018-04),high,,492,56,0.5,0,0.36,4,0.079,0.213,0.27,0.025,0.53,8,mass (menu mass_g; USDA form comparable to packaged form),30.0,16.8,0.15,0.0,0.108,1.2,0.024,0.064,0.081,0.007,0.159,2.4
Candy Coated Peanuts,NF,45,228,169582,"Candies, MARS SNACKFOOD US, M&M's Peanut Chocolate Candies",SR Legacy (2018-04),high,,515,22,0,0,2.85,3,0.063,0.106,3.362,0.09,0.32,55,mass (menu mass_g; USDA form comparable to packaged form),45.0,9.9,0.0,0.0,1.282,1.35,0.028,0.048,1.513,0.041,0.144,24.75
Caribbean Chicken,R,,0,,,,none,no match attempted: source row has no mass and all-zero nutrients,,,,,,,,,,,,,,,,,,,,,,,,,
Carrot Coins,T,127,42.5,170396,"Carrots, canned, regular pack, drained solids",SR Legacy (2018-04),high,,25,558,2.7,0,0.74,9.8,0.018,0.03,0.552,0.112,0,9,mass (menu mass_g; USDA form comparable to packaged form),127.0,708.66,3.429,0.0,0.94,12.446,0.023,0.038,0.701,0.142,0.0,11.43
Cashews,NF,45,265,170571,"Nuts, cashew nuts, dry roasted, without salt added",SR Legacy (2018-04),high,,574,0,0,0,0.92,34.7,0.2,0.2,1.4,0.256,0,69,mass (menu mass_g; USDA form comparable to packaged form),45.0,0.0,0.0,0.0,0.414,15.615,0.09,0.09,0.63,0.115,0.0,31.05
Cauliflower w/ Cheese,R,16,55,170397,"Cauliflower, cooked, boiled, drained, without salt",SR Legacy (2018-04),low,cheese sauce not represented; plain cooked cauliflower,23,1,44.3,0,0.07,13.8,0.042,0.052,0.41,0.173,0,44,energy (menu kcal / USDA kcal per 100 g; corrects dry vs. rehydrated mass),239.1,2.391,105.935,0.0,0.167,33.0,0.1,0.124,0.98,0.414,0.0,105.217
Cheddar Cheese Spread,T,42.5,178,171254,"Cheese spread, pasteurized process, American",SR Legacy (2018-04),high,,290,173,0,0.4,0.19,1.8,0.048,0.431,0.131,0.117,0.4,7,mass (menu mass_g; USDA form comparable to packaged form),42.5,73.525,0.0,0.17,0.081,0.765,0.02,0.183,0.056,0.05,0.17,2.975
Cheese Grits,T,142,121,2708369,"Grits, with cheese, fat added",FNDDS 2021-2023 (FDC release 2024-10-31),high,,108,48,0,0.1,0.25,1.1,0.146,0.09,0.569,0.058,0.11,28,mass (menu mass_g; USDA form comparable to packaged form),142.0,68.16,0.0,0.142,0.355,1.562,0.207,0.128,0.808,0.082,0.156,39.76
Cheese Tortellini,T,227,216,2708792,"Tortellini, cheese-filled, no sauce",FNDDS 2021-2023 (FDC release 2024-10-31),medium,FNDDS cheese tortellini no sauce,236,28,0,0,0.12,1,0.156,0.179,1.348,0.026,0.12,63,mass (menu mass_g; USDA form comparable to packaged form),227.0,63.56,0.0,0.0,0.272,2.27,0.354,0.406,3.06,0.059,0.272,143.01
Cherry Blueberry Cobbler,T,170,306,2708021,"Cobbler, cherry",FNDDS 2021-2023 (FDC release 2024-10-31),medium,FNDDS cherry cobbler,237,4,1.2,0,0.29,3.1,0.102,0.072,1.26,0.03,0,33,mass (menu mass_g; USDA form comparable to packaged form),170.0,6.8,2.04,0.0,0.493,5.27,0.173,0.122,2.142,0.051,0.0,56.1
Cherry Drink w/ A/S,B,1.1,3.94,167681,"Beverages, fruit-flavored drink, dry powdered mix, low calorie, with aspartame",SR Legacy (2018-04),medium,generic low-calorie fruit drink powder with aspartame,218,0,560,0,0,0,0,0,0,0,0,0,mass (menu mass_g; USDA form comparable to packaged form),1.1,0.0,6.16,0.0,0.0,0.0,0.0,0.0,0.0,0.0,0.0,0.0
Chicken Consomme,B,6.7,14,171562,"Soup, chicken broth or bouillon, dry",SR Legacy (2018-04),high,dry bouillon powder,267,0,1.1,0,0.46,0,0.1,0.43,2.46,0.1,0.3,32,mass (menu mass_g; USDA form comparable to packaged form),6.7,0.0,0.074,0.0,0.031,0.0,0.007,0.029,0.165,0.007,0.02,2.144
Chicken Fajitas,T,142,168.9,2708604,"Fajita, chicken",FNDDS 2021-2023 (FDC release 2024-10-31),medium,FNDDS chicken fajita (includes tortilla),206,21,23.9,0,1.35,9,0.195,0.174,3.973,0.165,0.12,58,mass (menu mass_g; USDA form comparable to packaged form),142.0,29.82,33.938,0.0,1.917,12.78,0.277,0.247,5.642,0.234,0.17,82.36
Chicken in Pouches,T,85,90,171110,"Chicken, canned, no broth",SR Legacy (2018-04),high,canned chicken no broth,185,53,0,0.1,0.32,2.3,0,0.1,2.4,0.19,1,2,mass (menu mass_g; USDA form comparable to packaged form),85.0,45.05,0.0,0.085,0.272,1.955,0.0,0.085,2.04,0.161,0.85,1.7
Chicken Noodle Soup,T,227,134,171148,"Soup, chunky chicken noodle, canned, ready-to-serve",SR Legacy (2018-04),high,,41,62,0.4,0,0.12,1.7,0.018,0.02,1.196,0.05,0.08,11,mass (menu mass_g; USDA form comparable to packaged form),227.0,140.74,0.908,0.0,0.272,3.859,0.041,0.045,2.715,0.114,0.182,24.97
Chicken Teriyaki,I,120,150,2706433,Chicken or turkey with teriyaki,FNDDS 2021-2023 (FDC release 2024-10-31),medium,,163,8,0,0,0.39,0,0.069,0.178,7.255,0.242,0.34,9,mass (menu mass_g; USDA form comparable to packaged form),120.0,9.6,0.0,0.0,0.468,0.0,0.083,0.214,8.706,0.29,0.408,10.8
Chicken w/ Corn & Black Beans,T,170,127.5,2706424,"Stewed chicken with tomato-based sauce, Mexican style",FNDDS 2021-2023 (FDC release 2024-10-31),low,no exact match; Mexican-style stewed chicken in tomato sauce,120,8,3.9,0,1.04,2,0.046,0.098,3.535,0.138,0.16,8,mass (menu mass_g; USDA form comparable to packaged form),170.0,13.6,6.63,0.0,1.768,3.4,0.078,0.167,6.01,0.235,0.272,13.6
Chicken w/ Peanut Sauce,T,198,214,171477,"Chicken, broilers or fryers, breast, meat only, cooked, roasted",SR Legacy (2018-04),low,chicken breast only; peanut sauce not represented,165,6,0,0.1,0.27,0.3,0.07,0.114,13.712,0.6,0.34,4,mass (menu mass_g; USDA form comparable to packaged form),198.0,11.88,0.0,0.198,0.535,0.594,0.139,0.226,27.15,1.188,0.673,7.92
Chicken-Pineapple Salad,R,28.4,128.1,2706221,Chicken salad spread,FNDDS 2021-2023 (FDC release 2024-10-31),low,FNDDS chicken salad spread; ISS item freeze-dried with pineapple,200,42,1,0.2,2.2,0,0.024,0.071,1.669,0.11,0.38,5,energy (menu kcal / USDA kcal per 100 g; corrects dry vs. rehydrated mass),64.0,26.901,0.64,0.128,1.409,0.0,0.015,0.045,1.069,0.07,0.243,3.203
Chipotle Snack Bread,NF,57,191.5,2707616,"Bread, pita",FNDDS 2021-2023 (FDC release 2024-10-31),low,plain pita bread used as nearest flatbread,275,0,0,0,0.3,0.2,0.599,0.327,4.632,0.034,0,165,mass (menu mass_g; USDA form comparable to packaged form),57.0,0.0,0.0,0.0,0.171,0.114,0.341,0.186,2.64,0.019,0.0,94.05
Chocolate Breakfast Drink,B,33.7,120,169073,"Beverage, instant breakfast powder, chocolate, not reconstituted",SR Legacy (2018-04),high,"instant breakfast powder, chocolate, not reconstituted",353,625,76.9,0,9.37,90,0.85,0.2,14.24,1.14,1.71,485,mass (menu mass_g; USDA form comparable to packaged form),33.7,210.625,25.915,0.0,3.158,30.33,0.286,0.067,4.799,0.384,0.576,163.445
Chocolate Pudding,T,114,124,168778,"Puddings, chocolate, ready-to-eat",SR Legacy (2018-04),high,,142,14,0.3,0,0.31,0.6,0.024,0.072,0.123,0.018,0.09,3,mass (menu mass_g; USDA form comparable to packaged form),114.0,15.96,0.342,0.0,0.353,0.684,0.027,0.082,0.14,0.021,0.103,3.42
Chocolate Pudding Cake,T,134,319,2707873,"Snack cake, chocolate",FNDDS 2021-2023 (FDC release 2024-10-31),low,FNDDS chocolate snack cake,399,1,1.9,0,1.09,10.6,0.037,0.075,0.925,0.143,0.06,35,mass (menu mass_g; USDA form comparable to packaged form),134.0,1.34,2.546,0.0,1.461,14.204,0.05,0.1,1.24,0.192,0.08,46.9
Citrus Fruit Salad,T,142,70,2709300,"Fruit salad, including citrus fruits, with pudding",FNDDS 2021-2023 (FDC release 2024-10-31),low,FNDDS fruit salad incl. citrus with pudding; alt SR 174670 (no citrus),133,4,15.9,0,0.23,2.4,0.064,0.049,0.335,0.126,0.03,18,mass (menu mass_g; USDA form comparable to packaged form),142.0,5.68,22.578,0.0,0.327,3.408,0.091,0.07,0.476,0.179,0.043,25.56
Cocoa,B,50.5,165.6,174122,"Beverages, Cocoa mix, powder",SR Legacy (2018-04),high,cocoa mix powder,398,1,0.2,0,0.19,0.9,0.096,0.565,0.586,0.114,0.35,6,mass (menu mass_g; USDA form comparable to packaged form),50.5,0.505,0.101,0.0,0.096,0.455,0.048,0.285,0.296,0.058,0.177,3.03
Corn,R,37,137,169999,"Corn, sweet, yellow, cooked, boiled, drained, without salt",SR Legacy (2018-04),medium,ISS item freeze-dried,96,13,5.5,0,0.09,0.4,0.093,0.057,1.683,0.139,0,23,energy (menu kcal / USDA kcal per 100 g; corrects dry vs. rehydrated mass),142.7,18.552,7.849,0.0,0.128,0.571,0.133,0.081,2.402,0.198,0.0,32.823
Cornbread Dressing,R,50,195,2707812,Cornbread stuffing,FNDDS 2021-2023 (FDC release 2024-10-31),high,,179,78,0.8,0,0.85,8.8,0.117,0.092,1.247,0.038,0.01,159,energy (menu kcal / USDA kcal per 100 g; corrects dry vs. rehydrated mass),108.9,84.972,0.872,0.0,0.926,9.587,0.127,0.1,1.358,0.041,0.011,173.212
Cornflakes,R,40,147.6,174648,"Cereals ready-to-eat, RALSTON Corn Flakes",SR Legacy (2018-04),medium,RALSTON corn flakes,384,981,65,7.1,0.02,0,4.483,1.74,21.033,1.907,5.36,,mass (menu mass_g; USDA form comparable to packaged form),40.0,392.4,26.0,2.84,0.008,0.0,1.793,0.696,8.413,0.763,2.144,
Crackers,NF,18,82,174982,"Crackers, standard snack-type, regular",SR Legacy (2018-04),high,,510,0,0,0,3.03,69.3,0.416,0.456,4.352,0.063,0,150,mass (menu mass_g; USDA form comparable to packaged form),18.0,0.0,0.0,0.0,0.545,12.474,0.075,0.082,0.783,0.011,0.0,27.0
Cranapple Dessert,T,177,144,173961,"Cranberry sauce, canned, sweetened",SR Legacy (2018-04),low,cranberry sauce used; apple not represented,159,2,1,0,0.93,1.4,0.015,0.021,0.1,0.014,0,1,mass (menu mass_g; USDA form comparable to packaged form),177.0,3.54,1.77,0.0,1.646,2.478,0.027,0.037,0.177,0.025,0.0,1.77
Cranberry Peach Drink w/ A/S,B,1.2,4,167681,"Beverages, fruit-flavored drink, dry powdered mix, low calorie, with aspartame",SR Legacy (2018-04),medium,generic low-calorie fruit drink powder with aspartame,218,0,560,0,0,0,0,0,0,0,0,0,mass (menu mass_g; USDA form comparable to packaged form),1.2,0.0,6.72,0.0,0.0,0.0,0.0,0.0,0.0,0.0,0.0,0.0
Crawfish Etouffee,T,198,113,2706348,"Crayfish, cooked",FNDDS 2021-2023 (FDC release 2024-10-31),low,FNDDS crayfish cooked; roux/rice not represented,97,19,1.2,0,3.61,0.1,0.075,0.038,2.655,0.123,2.15,35,mass (menu mass_g; USDA form comparable to packaged form),198.0,37.62,2.376,0.0,7.148,0.198,0.148,0.075,5.257,0.244,4.257,69.3
Cream of Mushroom Soup,R,27,141,171155,"Soup, cream of mushroom, canned, condensed",SR Legacy (2018-04),medium,condensed canned soup; ISS item freeze-dried,79,2,0,0.2,0.5,19.6,0.012,0.016,0.345,0.015,0,2,energy (menu kcal / USDA kcal per 100 g; corrects dry vs. rehydrated mass),178.5,3.57,0.0,0.357,0.892,34.982,0.021,0.029,0.616,0.027,0.0,3.57
Creamed Spinach,R,18,65,2709628,"Spinach, creamed",FNDDS 2021-2023 (FDC release 2024-10-31),high,,90,257,15.1,0.3,1.58,341.4,0.053,0.159,0.352,0.148,0,60,energy (menu kcal / USDA kcal per 100 g; corrects dry vs. rehydrated mass),72.2,185.611,10.906,0.217,1.141,246.567,0.038,0.115,0.254,0.107,0.0,43.333
Curry Sauce w/ Vegetables,T,184,107,2710067,Vegetable curry,FNDDS 2021-2023 (FDC release 2024-10-31),medium,,86,66,12.3,0,1.41,10.4,0.047,0.058,0.815,0.137,0.01,19,mass (menu mass_g; USDA form comparable to packaged form),184.0,121.44,22.632,0.0,2.594,19.136,0.086,0.107,1.5,0.252,0.018,34.96
Decaf. Coffee Black,B,2.5,8,174133,"Beverages, coffee, instant, decaffeinated, powder",SR Legacy (2018-04),high,instant decaf powder,351,0,0,0,0,1.9,0,1.36,28.075,0,0,0,mass (menu mass_g; USDA form comparable to packaged form),2.5,0.0,0.0,0.0,0.0,0.048,0.0,0.034,0.702,0.0,0.0,0.0
Decaf. Coffee w/ A/S,B,3,11,174133,"Beverages, coffee, instant, decaffeinated, powder",SR Legacy (2018-04),medium,sweetener not represented,351,0,0,0,0,1.9,0,1.36,28.075,0,0,0,mass (menu mass_g; USDA form comparable to packaged form),3.0,0.0,0.0,0.0,0.0,0.057,0.0,0.041,0.842,0.0,0.0,0.0
Decaf. Coffee w/ C & A/S,B,6.5,30,2710485,"Coffee, instant, decaffeinated, pre-lightened and pre-sweetened with low calorie sweetener, not reconstituted",FNDDS 2021-2023 (FDC release 2024-10-31),medium,"FNDDS instant decaf pre-lightened, low-cal sweetener, not reconstituted",457,0,0,0,0.77,1.5,0,0.318,6.563,0,0,0,mass (menu mass_g; USDA form comparable to packaged form),6.5,0.0,0.0,0.0,0.05,0.098,0.0,0.021,0.427,0.0,0.0,0.0
Decaf. Coffee w/ C & S,B,17,72,2710484,"Coffee, instant, decaffeinated, pre-lightened and pre-sweetened with sugar, not reconstituted",FNDDS 2021-2023 (FDC release 2024-10-31),high,"FNDDS instant decaf pre-lightened & sweetened, not reconstituted",465,0,0,0,0,0,0,0,0,0,0,0,mass (menu mass_g; USDA form comparable to packaged form),17.0,0.0,0.0,0.0,0.0,0.0,0.0,0.0,0.0,0.0,0.0,0.0
Decaf. Coffee w/ Cream,B,6,28,2710484,"Coffee, instant, decaffeinated, pre-lightened and pre-sweetened with sugar, not reconstituted",FNDDS 2021-2023 (FDC release 2024-10-31),low,sugar in USDA entry but not in ISS item,465,0,0,0,0,0,0,0,0,0,0,0,mass (menu mass_g; USDA form comparable to packaged form),6.0,0.0,0.0,0.0,0.0,0.0,0.0,0.0,0.0,0.0,0.0,0.0
Decaf. Coffee w/ Sugar,B,13.5,53,2710482,"Coffee, instant, pre-sweetened with sugar, not reconstituted",FNDDS 2021-2023 (FDC release 2024-10-31),medium,regular (not decaf) pre-sweetened instant used,392,0,0,0,0,0.4,0.002,0.03,5.453,0.006,0,0,mass (menu mass_g; USDA form comparable to packaged form),13.5,0.0,0.0,0.0,0.0,0.054,0.0,0.004,0.736,0.001,0.0,0.0
Dried Apricots,IM,62,156,173941,"Apricots, dried, sulfured, uncooked",SR Legacy (2018-04),high,,241,180,1,0,4.33,3.1,0.015,0.074,2.589,0.143,0,10,mass (menu mass_g; USDA form comparable to packaged form),62.0,111.6,0.62,0.0,2.685,1.922,0.009,0.046,1.605,0.089,0.0,6.2
Dried Peaches,IM,62,131,169934,"Peaches, dried, sulfured, uncooked",SR Legacy (2018-04),high,,239,108,4.8,0,0.19,15.7,0.002,0.212,4.375,0.067,0,0,mass (menu mass_g; USDA form comparable to packaged form),62.0,66.96,2.976,0.0,0.118,9.734,0.001,0.131,2.712,0.042,0.0,0.0
Dried Pears,IM,62,138,169121,"Pears, dried, sulfured, uncooked",SR Legacy (2018-04),high,,262,0,7,0,0.06,20.4,0.008,0.145,1.372,0.072,0,0,mass (menu mass_g; USDA form comparable to packaged form),62.0,0.0,4.34,0.0,0.037,12.648,0.005,0.09,0.851,0.045,0.0,0.0
Drinking Water Container,B,,,,,,none,non-food row,,,,,,,,,,,,,,,,,,,,,,,,,
Fiesta Chicken,T,227,220,2706424,"Stewed chicken with tomato-based sauce, Mexican style",FNDDS 2021-2023 (FDC release 2024-10-31),medium,Mexican-style stewed chicken with tomato sauce,120,8,3.9,0,1.04,2,0.046,0.098,3.535,0.138,0.16,8,mass (menu mass_g; USDA form comparable to packaged form),227.0,18.16,8.853,0.0,2.361,4.54,0.104,0.222,8.024,0.313,0.363,18.16
Fruit Cocktail,T,128,81,174668,"Fruit cocktail, (peach and pineapple and pear and grape and cherry), canned, juice pack, solids and liquids",SR Legacy (2018-04),high,,46,15,2.7,0,0.4,2.6,0.012,0.016,0.403,0.051,0,3,mass (menu mass_g; USDA form comparable to packaged form),128.0,19.2,3.456,0.0,0.512,3.328,0.015,0.02,0.516,0.065,0.0,3.84
Granola,R,80,313,171646,"Cereals ready-to-eat, granola, homemade",SR Legacy (2018-04),medium,,489,1,1.2,0,11.1,5.3,0.548,0.354,2.739,0.37,0,84,energy (menu kcal / USDA kcal per 100 g; corrects dry vs. rehydrated mass),64.0,0.64,0.768,0.0,7.105,3.392,0.351,0.227,1.753,0.237,0.0,53.767
Granola Bar,NF,28,120,167542,"Snacks, granola bars, hard, plain",SR Legacy (2018-04),high,,471,2,0.9,0,2.09,14.6,0.264,0.119,1.581,0.085,0,23,mass (menu mass_g; USDA form comparable to packaged form),28.0,0.56,0.252,0.0,0.585,4.088,0.074,0.033,0.443,0.024,0.0,6.44
Granola w/ Blueberries,R,57,230,171646,"Cereals ready-to-eat, granola, homemade",SR Legacy (2018-04),low,blueberries not represented,489,1,1.2,0,11.1,5.3,0.548,0.354,2.739,0.37,0,84,energy (menu kcal / USDA kcal per 100 g; corrects dry vs. rehydrated mass),47.0,0.47,0.564,0.0,5.221,2.493,0.258,0.167,1.288,0.174,0.0,39.509
Granola w/ Raisins,R,80,315,172976,"Cereals ready-to-eat, QUAKER, Low Fat 100% Natural Granola with Raisins",SR Legacy (2018-04),medium,,388,1,0.4,0,1.07,3,0.368,0.201,2.371,0.248,0.06,29,energy (menu kcal / USDA kcal per 100 g; corrects dry vs. rehydrated mass),81.2,0.812,0.325,0.0,0.869,2.436,0.299,0.163,1.925,0.201,0.049,23.544
Grape Drink,B,17,66.3,171916,"Beverages, grape drink, canned",SR Legacy (2018-04),medium,canned grape drink (as consumed); ISS item powder,61,0,31.4,0,0,0,0.001,0.004,0.01,0.002,0,0,energy (menu kcal / USDA kcal per 100 g; corrects dry vs. rehydrated mass),108.7,0.0,34.128,0.0,0.0,0.0,0.001,0.004,0.011,0.002,0.0,0.0
Grape Drink w/ A/S,B,1.2,4,167681,"Beverages, fruit-flavored drink, dry powdered mix, low calorie, with aspartame",SR Legacy (2018-04),medium,generic low-calorie fruit drink powder with aspartame,218,0,560,0,0,0,0,0,0,0,0,0,mass (menu mass_g; USDA form comparable to packaged form),1.2,0.0,6.72,0.0,0.0,0.0,0.0,0.0,0.0,0.0,0.0,0.0
Grape Jelly,T,28,75,169642,Jellies,SR Legacy (2018-04),high,,266,0,0.9,0,0,0.3,0.001,0.026,0.036,0.02,0,2,mass (menu mass_g; USDA form comparable to packaged form),28.0,0.0,0.252,0.0,0.0,0.084,0.0,0.007,0.01,0.006,0.0,0.56
Grapefruit Drink,B,35,119.7,174678,"Grapefruit juice, white, canned or bottled, unsweetened",SR Legacy (2018-04),medium,grapefruit juice (as consumed); ISS item powder,37,2,33.7,0,0.21,0,0.064,0.02,0.26,0.037,0,14,energy (menu kcal / USDA kcal per 100 g; corrects dry vs. rehydrated mass),323.5,6.47,109.024,0.0,0.679,0.0,0.207,0.065,0.841,0.12,0.0,45.292
Green Beans w/ Mushrooms,R,10,22,2710040,Green bean casserole,FNDDS 2021-2023 (FDC release 2024-10-31),low,FNDDS green bean casserole,56,26,5.8,0.2,0.4,31.3,0.039,0.077,0.52,0.071,0.04,17,energy (menu kcal / USDA kcal per 100 g; corrects dry vs. rehydrated mass),39.3,10.214,2.279,0.079,0.157,12.296,0.015,0.03,0.204,0.028,0.016,6.679
Green Tea,B,2,0,171917,"Beverages, tea, green, brewed, regular",SR Legacy (2018-04),medium,brewed green tea (as consumed); ISS item 2 g instant,1,0,0,0,0,0,0.007,0.058,0.03,0.005,0,0,not scalable (zero-energy item matched to as-consumed form),,,,,,,,,,,,
Green Tea w/ Sugar,B,18,71,171917,"Beverages, tea, green, brewed, regular",SR Legacy (2018-04),low,sugar not represented,1,0,0,0,0,0,0.007,0.058,0.03,0.005,0,0,energy (menu kcal / USDA kcal per 100 g; corrects dry vs. rehydrated mass),7100.0,0.0,0.0,0.0,0.0,0.0,0.497,4.118,2.13,0.355,0.0,0.0
Grilled Pork Chop,T,142,261,168244,"Pork, fresh, loin, center rib (chops), bone-in, separable lean only, cooked, broiled",SR Legacy (2018-04),high,,186,0,0,0.8,0.1,0,0.569,0.219,7.855,0.675,0.52,0,mass (menu mass_g; USDA form comparable to packaged form),142.0,0.0,0.0,1.136,0.142,0.0,0.808,0.311,11.154,0.959,0.738,0.0
Grits w/ Butter,R,34.5,117,2708371,"Grits, instant, made with water, fat added",FNDDS 2021-2023 (FDC release 2024-10-31),medium,"FNDDS instant grits with water, fat added",85,26,0,0.1,0.25,1.4,0.321,0.122,1.565,0.062,0,50,energy (menu kcal / USDA kcal per 100 g; corrects dry vs. rehydrated mass),137.6,35.788,0.0,0.138,0.344,1.927,0.442,0.168,2.154,0.085,0.0,68.824
Homestyle Potatoes,T,142,160,2709402,"Potato, roasted, NFS",FNDDS 2021-2023 (FDC release 2024-10-31),medium,,126,19,12.1,0,0.66,3.7,0.1,0.02,1.324,0.312,0,9,mass (menu mass_g; USDA form comparable to packaged form),142.0,26.98,17.182,0.0,0.937,5.254,0.142,0.028,1.88,0.443,0.0,12.78
Hot and Sour Soup,T,170,54.4,2707136,"Soup, hot and sour",FNDDS 2021-2023 (FDC release 2024-10-31),high,,39,9,0,0.1,0.39,1.1,0.026,0.031,0.507,0.064,0.1,8,mass (menu mass_g; USDA form comparable to packaged form),170.0,15.3,0.0,0.17,0.663,1.87,0.044,0.053,0.862,0.109,0.17,13.6
Italian Vegetables,R,20,92,170472,"Vegetables, mixed, frozen, cooked, boiled, drained, without salt",SR Legacy (2018-04),medium,,65,214,3.2,0,0.38,23.5,0.071,0.12,0.851,0.074,0,19,energy (menu kcal / USDA kcal per 100 g; corrects dry vs. rehydrated mass),141.5,302.892,4.529,0.0,0.538,33.262,0.1,0.17,1.204,0.105,0.0,26.892
Kona Coffee Black,B,1.5,4.3,171893,"Beverages, coffee, instant, regular, powder",SR Legacy (2018-04),high,instant coffee powder,353,0,0,0,0,1.9,0.008,0.074,28.173,0.029,0,0,mass (menu mass_g; USDA form comparable to packaged form),1.5,0.0,0.0,0.0,0.0,0.028,0.0,0.001,0.423,0.0,0.0,0.0
Kona Coffee w/ A/S,B,2,6,171893,"Beverages, coffee, instant, regular, powder",SR Legacy (2018-04),medium,sweetener not represented,353,0,0,0,0,1.9,0.008,0.074,28.173,0.029,0,0,mass (menu mass_g; USDA form comparable to packaged form),2.0,0.0,0.0,0.0,0.0,0.038,0.0,0.001,0.563,0.001,0.0,0.0
Kona Coffee w/ C & A/S,B,5.5,18,2710485,"Coffee, instant, decaffeinated, pre-lightened and pre-sweetened with low calorie sweetener, not reconstituted",FNDDS 2021-2023 (FDC release 2024-10-31),low,decaf variant used as only pre-lightened low-cal-sweetener powder,457,0,0,0,0.77,1.5,0,0.318,6.563,0,0,0,mass (menu mass_g; USDA form comparable to packaged form),5.5,0.0,0.0,0.0,0.042,0.083,0.0,0.017,0.361,0.0,0.0,0.0
Kona Coffee w/ C&S,B,16,68,2710483,"Coffee, instant, pre-lightened and pre-sweetened with sugar, not reconstituted",FNDDS 2021-2023 (FDC release 2024-10-31),high,,438,0,0,0,0.42,0.8,0.001,0.02,3.622,0.004,0,0,mass (menu mass_g; USDA form comparable to packaged form),16.0,0.0,0.0,0.0,0.067,0.128,0.0,0.003,0.58,0.001,0.0,0.0
Kona Coffee w/ Cream,B,5,16,2710483,"Coffee, instant, pre-lightened and pre-sweetened with sugar, not reconstituted",FNDDS 2021-2023 (FDC release 2024-10-31),low,sugar in USDA entry but not in ISS item,438,0,0,0,0.42,0.8,0.001,0.02,3.622,0.004,0,0,mass (menu mass_g; USDA form comparable to packaged form),5.0,0.0,0.0,0.0,0.021,0.04,0.0,0.001,0.181,0.0,0.0,0.0
Kona Coffee w/ Sugar,B,12.5,49,2710482,"Coffee, instant, pre-sweetened with sugar, not reconstituted",FNDDS 2021-2023 (FDC release 2024-10-31),high,,392,0,0,0,0,0.4,0.002,0.03,5.453,0.006,0,0,mass (menu mass_g; USDA form comparable to packaged form),12.5,0.0,0.0,0.0,0.0,0.05,0.0,0.004,0.682,0.001,0.0,0.0
Lasagna with Meat,T,227,202,2708750,Lasagna with meat,FNDDS 2021-2023 (FDC release 2024-10-31),high,,139,42,4.4,0,0.98,6.6,0.056,0.056,1.602,0.139,0.83,23,mass (menu mass_g; USDA form comparable to packaged form),227.0,95.34,9.988,0.0,2.225,14.982,0.127,0.127,3.637,0.316,1.884,52.21
Lemon Curd Cake,T,130,460,2707879,"Cake or cupcake, lemon",FNDDS 2021-2023 (FDC release 2024-10-31),medium,,339,19,1.9,0.3,1.94,11.1,0.066,0.225,0.711,0.029,0.12,32,mass (menu mass_g; USDA form comparable to packaged form),130.0,24.7,2.47,0.39,2.522,14.43,0.086,0.292,0.924,0.038,0.156,41.6
Lemon Meringue Pudding,T,117,140,2708014,"Pie, lemon meringue",FNDDS 2021-2023 (FDC release 2024-10-31),low,FNDDS lemon meringue pie used,294,35,0.6,0.5,0.39,2.6,0.111,0.133,1.135,0.028,0.16,44,mass (menu mass_g; USDA form comparable to packaged form),117.0,40.95,0.702,0.585,0.456,3.042,0.13,0.156,1.328,0.033,0.187,51.48
Lemonade,B,21,81,174858,"Beverages, Lemonade, powder",SR Legacy (2018-04),high,lemonade powder,376,0,39.9,0,0.14,0,0.015,0,0.13,0.026,0,6,mass (menu mass_g; USDA form comparable to packaged form),21.0,0.0,8.379,0.0,0.029,0.0,0.003,0.0,0.027,0.005,0.0,1.26
Lemonade w/ A/S,B,1.9,7,167681,"Beverages, fruit-flavored drink, dry powdered mix, low calorie, with aspartame",SR Legacy (2018-04),medium,generic low-calorie fruit drink powder with aspartame,218,0,560,0,0,0,0,0,0,0,0,0,mass (menu mass_g; USDA form comparable to packaged form),1.9,0.0,10.64,0.0,0.0,0.0,0.0,0.0,0.0,0.0,0.0,0.0
Lemon-Lime Drink,B,16,62,174860,"Beverages, lemonade-flavor drink, powder",SR Legacy (2018-04),medium,lemonade-flavor drink powder,380,0,40.6,0,0.08,1.9,0.002,0.011,0,0,0,0,mass (menu mass_g; USDA form comparable to packaged form),16.0,0.0,6.496,0.0,0.013,0.304,0.0,0.002,0.0,0.0,0.0,0.0
Macadamia Nuts,NF,45,308,170179,"Nuts, macadamia nuts, dry roasted, without salt added",SR Legacy (2018-04),high,,718,0,0.7,0,0.57,0,0.71,0.087,2.274,0.359,0,10,mass (menu mass_g; USDA form comparable to packaged form),45.0,0.0,0.315,0.0,0.257,0.0,0.32,0.039,1.023,0.162,0.0,4.5
Macaroni & Cheese R,R,40,194,169770,"Macaroni and cheese, box mix with cheese sauce, prepared",SR Legacy (2018-04),medium,,164,22,,,0.54,,0.155,0.09,1.15,0.025,0.27,,energy (menu kcal / USDA kcal per 100 g; corrects dry vs. rehydrated mass),118.3,26.024,,,0.639,,0.183,0.106,1.36,0.03,0.319,
Mango Peach Smoothie,B,50,200,2709334,"Fruit smoothie, with whole fruit, no dairy",FNDDS 2021-2023 (FDC release 2024-10-31),low,FNDDS fruit smoothie no dairy; ISS item powder,54,2,22.7,0.1,0.27,4.2,0.049,0.031,0.351,0.072,0,19,energy (menu kcal / USDA kcal per 100 g; corrects dry vs. rehydrated mass),370.4,7.407,84.074,0.37,1.0,15.556,0.181,0.115,1.3,0.267,0.0,70.37
Maple Muffin Top,NF,62,250,2707829,"Muffin, NFS",FNDDS 2021-2023 (FDC release 2024-10-31),low,FNDDS muffin NFS,375,21,0.9,0.1,1.63,39.2,0.168,0.163,1.418,0.04,0.16,73,mass (menu mass_g; USDA form comparable to packaged form),62.0,13.02,0.558,0.062,1.011,24.304,0.104,0.101,0.879,0.025,0.099,45.26
Mashed Potatoes,R,22,71,170445,"Potatoes, mashed, dehydrated, flakes without milk, dry form",SR Legacy (2018-04),high,dehydrated flakes dry form,354,1,81,0,0.03,8.7,0.988,0.11,6.264,0.748,0,46,mass (menu mass_g; USDA form comparable to packaged form),22.0,0.22,17.82,0.0,0.007,1.914,0.217,0.024,1.378,0.165,0.0,10.12
Meatloaf,T,119,177.3,2706499,Meat loaf made with beef,FNDDS 2021-2023 (FDC release 2024-10-31),high,,199,14,0.6,0.2,0.16,1.1,0.085,0.187,3.732,0.269,1.69,25,mass (menu mass_g; USDA form comparable to packaged form),119.0,16.66,0.714,0.238,0.19,1.309,0.101,0.223,4.441,0.32,2.011,29.75
Mexican Scrambled Eggs,R,36,202,2707240,"Egg omelet or scrambled egg, with vegetables other than dark green and/or tomatoes, NS as to fat",FNDDS 2021-2023 (FDC release 2024-10-31),medium,scrambled egg with vegetables,167,170,0.9,2.1,1.61,4.4,0.058,0.383,0.49,0.094,0.67,48,energy (menu kcal / USDA kcal per 100 g; corrects dry vs. rehydrated mass),121.0,205.629,1.089,2.54,1.947,5.322,0.07,0.463,0.593,0.114,0.81,58.06
Milk,B,,0,,,,none,"no match attempted: source row has no mass, only sodium",,,,,,,,,,,,,,,,,,,,,,,,,
Minestrone Soup,T,227,84,171550,"Soup, minestrone, canned, chunky, ready-to-serve",SR Legacy (2018-04),high,,53,89,2,0,0.67,3.2,0.023,0.049,0.491,0.1,0,28,mass (menu mass_g; USDA form comparable to packaged form),227.0,202.03,4.54,0.0,1.521,7.264,0.052,0.111,1.115,0.227,0.0,63.56
Mixed Vegetables,T,113,57,170065,"Vegetables, mixed, canned, drained solids",SR Legacy (2018-04),high,,49,583,5,0,0.29,18.2,0.046,0.048,0.577,0.079,0,24,mass (menu mass_g; USDA form comparable to packaged form),113.0,658.79,5.65,0.0,0.328,20.566,0.052,0.054,0.652,0.089,0.0,27.12
Noodles & Chicken,R,28,105,2706529,"Chicken or turkey and noodles, no sauce",FNDDS 2021-2023 (FDC release 2024-10-31),high,,148,5,0,0.1,0.88,3.7,0.191,0.117,2.679,0.074,0.12,86,energy (menu kcal / USDA kcal per 100 g; corrects dry vs. rehydrated mass),70.9,3.547,0.0,0.071,0.624,2.625,0.136,0.083,1.901,0.052,0.085,61.014
Nut & Fruit Granola Bar,NF,35,135,2708105,"Cereal or granola bar, fruit and nut",FNDDS 2021-2023 (FDC release 2024-10-31),high,,502,0,0.1,0,10.2,7.7,0.168,0.46,2.989,0.133,0,55,mass (menu mass_g; USDA form comparable to packaged form),35.0,0.0,0.035,0.0,3.57,2.695,0.059,0.161,1.046,0.047,0.0,19.25
Oatmeal w/ Brown Sugar,R,46.1,170,173920,"Cereals, oats, instant, fortified, maple and brown sugar, dry",SR Legacy (2018-04),high,"instant fortified maple & brown sugar, dry",386,692,0,0,0.51,1.4,1.069,1.002,11.739,1.464,0,240,mass (menu mass_g; USDA form comparable to packaged form),46.1,319.012,0.0,0.0,0.235,0.645,0.493,0.462,5.412,0.675,0.0,110.64
Oatmeal w/ Raisins & Spice,R,47.2,162,172991,"Cereals, QUAKER, Instant Oatmeal, Raisin and Spice, dry",SR Legacy (2018-04),high,"QUAKER instant raisin & spice, dry",360,494,0.7,0,0.4,2.3,0.79,0.67,10.47,1.11,0,348,mass (menu mass_g; USDA form comparable to packaged form),47.2,233.168,0.33,0.0,0.189,1.086,0.373,0.316,4.942,0.524,0.0,164.256
Orange Drink,B,11.9,43,173235,"Beverages, orange-flavor drink, breakfast type, powder",SR Legacy (2018-04),high,orange-flavor breakfast drink powder,386,599,230.8,0,0,0,0.001,0.68,8,0.8,0,0,mass (menu mass_g; USDA form comparable to packaged form),11.9,71.281,27.465,0.0,0.0,0.0,0.0,0.081,0.952,0.095,0.0,0.0
Orange Drink w/ A/S,B,2.3,7,173237,"Beverages, Orange-flavor drink, breakfast type, low calorie, powder",SR Legacy (2018-04),high,low-calorie orange breakfast drink powder,217,6006,2400,,,,0,6.8,80,8,0,0,mass (menu mass_g; USDA form comparable to packaged form),2.3,138.138,55.2,,,,0.0,0.156,1.84,0.184,0.0,0.0
Orange Juice,B,35,123.6,169923,"Orange juice, frozen concentrate, unsweetened, undiluted",SR Legacy (2018-04),medium,frozen concentrate undiluted (ISS item powder),148,13,144.8,0,0.6,0.4,0.275,0.175,1.093,0.26,0,77,mass (menu mass_g; USDA form comparable to packaged form),35.0,4.55,50.68,0.0,0.21,0.14,0.096,0.061,0.383,0.091,0.0,26.95
Orange-Grapefruit Drink,B,19.9,73,169104,"Orange-grapefruit juice, canned or bottled, unsweetened",SR Legacy (2018-04),medium,juice as consumed; ISS item powder,43,6,29.1,0,0.14,0.1,0.056,0.03,0.336,0.023,0,14,energy (menu kcal / USDA kcal per 100 g; corrects dry vs. rehydrated mass),169.8,10.186,49.402,0.0,0.238,0.17,0.095,0.051,0.57,0.039,0.0,23.767
Orange-Mango Drink,B,8.9,32,169044,"Beverages, Orange juice drink",SR Legacy (2018-04),low,orange juice drink; mango not represented,54,2,15,,0.02,0,0.38,0.43,5,0.5,0,4,energy (menu kcal / USDA kcal per 100 g; corrects dry vs. rehydrated mass),59.3,1.185,8.889,,0.012,0.0,0.225,0.255,2.963,0.296,0.0,2.37
Orange-Pineapple Drink,B,8.9,30,173225,"Beverages, pineapple and orange juice drink, canned",SR Legacy (2018-04),medium,pineapple and orange juice drink,50,1,22.5,0,0.03,0.1,0.03,0.019,0.207,0.047,0,9,energy (menu kcal / USDA kcal per 100 g; corrects dry vs. rehydrated mass),60.0,0.6,13.5,0.0,0.018,0.06,0.018,0.011,0.124,0.028,0.0,5.4
Pasta w/ Pesto Sauce,T,114,124,171580,"Sauce, pesto, ready-to-serve, shelf stable",SR Legacy (2018-04),low,pesto sauce only; pasta not represented,426,90,0.1,,8.86,193.8,0.093,0.307,0.738,0.178,,,mass (menu mass_g; USDA form comparable to packaged form),114.0,102.6,0.114,,10.1,220.932,0.106,0.35,0.841,0.203,,
Pasta w/ Shrimp,R,40,135.6,2708873,"Pasta with cream sauce and seafood, restaurant",FNDDS 2021-2023 (FDC release 2024-10-31),medium,"FNDDS pasta with cream sauce and seafood, restaurant",202,56,0.2,0.2,1.53,7.4,0.136,0.095,0.864,0.029,0.83,58,energy (menu kcal / USDA kcal per 100 g; corrects dry vs. rehydrated mass),67.1,37.592,0.134,0.134,1.027,4.968,0.091,0.064,0.58,0.019,0.557,38.935
Peach-Apricot Drink,B,26.9,104,168185,"Peach nectar, canned, with added ascorbic acid",SR Legacy (2018-04),low,peach nectar,50,28,30.2,0,0.61,,0.06,0.02,0.2,0.037,0,1,energy (menu kcal / USDA kcal per 100 g; corrects dry vs. rehydrated mass),208.0,58.24,62.816,0.0,1.269,,0.125,0.042,0.416,0.077,0.0,2.08
Peaches,T,153,75,169930,"Peaches, canned, juice pack, solids and liquids",SR Legacy (2018-04),high,,44,19,3.6,0,0.49,1.7,0.008,0.017,0.582,0.019,0,3,mass (menu mass_g; USDA form comparable to packaged form),153.0,29.07,5.508,0.0,0.75,2.601,0.012,0.026,0.89,0.029,0.0,4.59
Peanut Butter,T,32,205,172470,"Peanut butter, smooth style, without salt",SR Legacy (2018-04),high,,598,0,0,0,9.1,0.3,0.15,0.192,13.112,0.441,0,87,mass (menu mass_g; USDA form comparable to packaged form),32.0,0.0,0.0,0.0,2.912,0.096,0.048,0.061,4.196,0.141,0.0,27.84
Peanuts,NF,45,274,173806,"Peanuts, all types, dry-roasted, without salt",SR Legacy (2018-04),high,,587,0,0,0,4.93,0,0.152,0.197,14.355,0.466,0,97,mass (menu mass_g; USDA form comparable to packaged form),45.0,0.0,0.0,0.0,2.219,0.0,0.068,0.089,6.46,0.21,0.0,43.65
Pears,T,128,61,169936,"Pears, canned, juice pack, solids and liquids",SR Legacy (2018-04),high,,50,0,1.6,0,0.08,0.3,0.011,0.011,0.2,0.014,0,1,mass (menu mass_g; USDA form comparable to packaged form),128.0,0.0,2.048,0.0,0.102,0.384,0.014,0.014,0.256,0.018,0.0,1.28
Pineapple,T,128,91,169126,"Pineapple, canned, juice pack, solids and liquids",SR Legacy (2018-04),high,,60,2,9.5,0,0.01,0.3,0.095,0.019,0.284,0.074,0,5,mass (menu mass_g; USDA form comparable to packaged form),128.0,2.56,12.16,0.0,0.013,0.384,0.122,0.024,0.364,0.095,0.0,6.4
Pineapple Drink,B,4.9,17,169947,"Pineapple juice, canned or bottled, unsweetened, without added ascorbic acid",SR Legacy (2018-04),medium,juice as consumed; ISS item powder,53,0,10,0,0.02,0.3,0.058,0.021,0.199,0.1,0,18,energy (menu kcal / USDA kcal per 100 g; corrects dry vs. rehydrated mass),32.1,0.0,3.208,0.0,0.006,0.096,0.019,0.007,0.064,0.032,0.0,5.774
Potato Medley,T,142,139,2709388,"Potato, boiled, from fresh, peel not eaten, no added fat",FNDDS 2021-2023 (FDC release 2024-10-31),medium,,93,0,12.7,0,0.04,0.3,0.105,0.021,1.389,0.3,0,9,mass (menu mass_g; USDA form comparable to packaged form),142.0,0.0,18.034,0.0,0.057,0.426,0.149,0.03,1.972,0.426,0.0,12.78
Potato Soup,T,234,124,172897,"Soup, cream of potato, canned, prepared with equal volume milk",SR Legacy (2018-04),medium,,60,,0.5,,,,0.033,0.095,0.259,0.036,0.2,4,mass (menu mass_g; USDA form comparable to packaged form),234.0,,1.17,,,,0.077,0.222,0.606,0.084,0.468,9.36
Potatoes au Gratin,R,30,141,170447,"Potatoes, au gratin, dry mix, unprepared",SR Legacy (2018-04),high,dry mix unprepared,314,54,15.5,0,,,0.07,0.253,4.063,0.15,0,40,mass (menu mass_g; USDA form comparable to packaged form),30.0,16.2,4.65,0.0,,,0.021,0.076,1.219,0.045,0.0,12.0
Red Beans & Rice,T,227,159,168065,"Restaurant, Latino, Arroz con habichuelas colorados (Rice And Red Beans)",SR Legacy (2018-04),medium,,142,,,,0.23,7.8,0.043,0.015,0.813,0.047,,,mass (menu mass_g; USDA form comparable to packaged form),227.0,,,,0.522,17.706,0.098,0.034,1.846,0.107,,
Rhubarb Applesauce,T,142,56.8,168169,"Rhubarb, frozen, cooked, with sugar",SR Legacy (2018-04),low,rhubarb cooked with sugar; applesauce not represented,116,4,3.3,0,0.19,21.1,0.018,0.023,0.2,0.02,0,5,mass (menu mass_g; USDA form comparable to packaged form),142.0,5.68,4.686,0.0,0.27,29.962,0.026,0.033,0.284,0.028,0.0,7.1
Rice & Chicken,R,34,154,2708953,"Rice, fried, with chicken",FNDDS 2021-2023 (FDC release 2024-10-31),low,FNDDS fried rice with chicken,173,20,3.2,0,0.17,2.4,0.023,0.049,1.681,0.064,0.06,6,energy (menu kcal / USDA kcal per 100 g; corrects dry vs. rehydrated mass),89.0,17.803,2.849,0.0,0.151,2.136,0.02,0.044,1.496,0.057,0.053,5.341
Rice Pilaf,R,25,103,2709077,Rice pilaf,FNDDS 2021-2023 (FDC release 2024-10-31),high,,137,1,1,0,0.51,2.8,0.152,0.025,1.934,0.12,0.01,77,energy (menu kcal / USDA kcal per 100 g; corrects dry vs. rehydrated mass),75.2,0.752,0.752,0.0,0.383,2.105,0.114,0.019,1.454,0.09,0.008,57.891
Rice Pudding,R,38.5,142,2705685,"Pudding, rice",FNDDS 2021-2023 (FDC release 2024-10-31),high,,108,19,1.3,0,0.07,0.2,0.027,0.183,0.217,0.052,0.15,4,energy (menu kcal / USDA kcal per 100 g; corrects dry vs. rehydrated mass),131.5,24.981,1.709,0.0,0.092,0.263,0.036,0.241,0.285,0.068,0.197,5.259
Rice w/ Butter,T,115,168,168878,"Rice, white, long-grain, regular, enriched, cooked",SR Legacy (2018-04),medium,butter not represented,130,0,0,0,0.04,0,0.163,0.013,1.476,0.093,0,97,mass (menu mass_g; USDA form comparable to packaged form),115.0,0.0,0.0,0.0,0.046,0.0,0.187,0.015,1.697,0.107,0.0,111.55
Salmon,T,74,85,175175,"Fish, salmon, pink, canned, drained solids",SR Legacy (2018-04),high,,138,20,0,14.5,1.28,0.1,0.027,0.202,7.409,0.105,4.95,4,mass (menu mass_g; USDA form comparable to packaged form),74.0,14.8,0.0,10.73,0.947,0.074,0.02,0.149,5.483,0.078,3.663,2.96
Sausage Pattie,R,18,127,174578,"Pork sausage, link/patty, cooked, pan-fried",SR Legacy (2018-04),high,,325,28,0,1.4,0.9,0,0.256,0.176,6.119,0.195,0.98,1,energy (menu kcal / USDA kcal per 100 g; corrects dry vs. rehydrated mass),39.1,10.942,0.0,0.547,0.352,0.0,0.1,0.069,2.391,0.076,0.383,0.391
Scrambled Eggs,R,34.5,183,172187,"Egg, whole, cooked, scrambled",SR Legacy (2018-04),high,,149,161,0,1.8,1.15,4,0.04,0.376,0.076,0.134,0.76,36,energy (menu kcal / USDA kcal per 100 g; corrects dry vs. rehydrated mass),122.8,197.738,0.0,2.211,1.412,4.913,0.049,0.462,0.093,0.165,0.933,44.215
Seafood Gumbo,T,198,129,2707142,Shrimp gumbo,FNDDS 2021-2023 (FDC release 2024-10-31),medium,FNDDS shrimp gumbo,61,19,4.5,0,0.76,8.7,0.029,0.055,1.26,0.047,0.2,22,mass (menu mass_g; USDA form comparable to packaged form),198.0,37.62,8.91,0.0,1.505,17.226,0.057,0.109,2.495,0.093,0.396,43.56
Seasoned Scrambled Eggs,R,35,187,172187,"Egg, whole, cooked, scrambled",SR Legacy (2018-04),medium,,149,161,0,1.8,1.15,4,0.04,0.376,0.076,0.134,0.76,36,energy (menu kcal / USDA kcal per 100 g; corrects dry vs. rehydrated mass),125.5,202.06,0.0,2.259,1.443,5.02,0.05,0.472,0.095,0.168,0.954,45.181
Shortbread Cookies,NF,29,139,174967,"Cookies, shortbread, commercially prepared, plain",SR Legacy (2018-04),high,,514,0,0,0,2.44,11,0.353,0.314,3.275,0.071,0,124,mass (menu mass_g; USDA form comparable to packaged form),29.0,0.0,0.0,0.0,0.708,3.19,0.102,0.091,0.95,0.021,0.0,35.96
Shrimp Cocktail,R,35,117.95,171971,"Crustaceans, shrimp, mixed species, cooked, moist heat (may contain additives to retain moisture)",SR Legacy (2018-04),medium,shrimp only; cocktail sauce not represented,119,90,0,0.1,2.2,0.4,0.032,0.024,2.678,0.242,1.66,24,energy (menu kcal / USDA kcal per 100 g; corrects dry vs. rehydrated mass),99.1,89.206,0.0,0.099,2.181,0.396,0.032,0.024,2.654,0.24,1.645,23.788
Shrimp Fried Rice,R,32,114.56,167668,"Restaurant, Chinese, fried rice, without meat",SR Legacy (2018-04),low,fried rice without meat,174,22,3.8,0,0.13,2.8,0.015,0.026,0.637,0.032,0,6,energy (menu kcal / USDA kcal per 100 g; corrects dry vs. rehydrated mass),65.8,14.485,2.502,0.0,0.086,1.843,0.01,0.017,0.419,0.021,0.0,3.95
Smoked Turkey,I,90,108,172941,"Turkey breast, sliced, prepackaged",SR Legacy (2018-04),medium,prepackaged sliced turkey breast (smoked lemon-pepper entry 174612 lacks B-vitamin data),106,0,0,0.2,0.13,0,0.038,0.145,7.15,0.41,0.37,4,mass (menu mass_g; USDA form comparable to packaged form),90.0,0.0,0.0,0.18,0.117,0.0,0.034,0.13,6.435,0.369,0.333,3.6
Southwestern Corn,T,170,124.1,169218,"Corn with red and green peppers, canned, solids and liquids",SR Legacy (2018-04),medium,corn with red & green peppers,75,12,8.8,0,,,0.022,0.08,0.95,0.097,0,34,mass (menu mass_g; USDA form comparable to packaged form),170.0,20.4,14.96,0.0,,,0.037,0.136,1.615,0.165,0.0,57.8
Split Pea Soup,T,227,180,171555,"Soup, pea, split with ham, canned, chunky, ready-to-serve",SR Legacy (2018-04),high,,77,102,2.9,0,0.2,7.5,0.048,0.039,1.05,0.09,0.1,2,mass (menu mass_g; USDA form comparable to packaged form),227.0,231.54,6.583,0.0,0.454,17.025,0.109,0.089,2.384,0.204,0.227,4.54
Strawberries,R,28,89,168173,"Strawberries, frozen, unsweetened (Includes foods for USDA's Food Distribution Program)",SR Legacy (2018-04),medium,frozen unsweetened (ISS freeze-dried),35,2,41.2,0,0.29,2.2,0.022,0.037,0.462,0.028,0,17,energy (menu kcal / USDA kcal per 100 g; corrects dry vs. rehydrated mass),254.3,5.086,104.766,0.0,0.737,5.594,0.056,0.094,1.175,0.071,0.0,43.229
Strawberry Drink,B,5.6,19,167707,"Beverages, fruit-flavored drink, powder, with high vitamin C with other added vitamins, low calorie",SR Legacy (2018-04),low,generic fruit drink powder with vitamin C,227,5997,2400,0,0.02,0,0.009,6.8,80,8,0,5,mass (menu mass_g; USDA form comparable to packaged form),5.6,335.832,134.4,0.0,0.001,0.0,0.001,0.381,4.48,0.448,0.0,0.28
Sweet & Sour Chicken,R,36,144,2706435,Sweet and sour chicken or turkey,FNDDS 2021-2023 (FDC release 2024-10-31),high,,250,18,2.4,0.2,0.82,22.5,0.053,0.043,3.657,0.257,0.09,15,energy (menu kcal / USDA kcal per 100 g; corrects dry vs. rehydrated mass),57.6,10.368,1.382,0.115,0.472,12.96,0.031,0.025,2.106,0.148,0.052,8.64
Sweet & Sour Pork,T,198,178,2706401,Sweet and sour pork,FNDDS 2021-2023 (FDC release 2024-10-31),high,,260,29,2.3,0.2,0.89,27.8,0.235,0.103,2.11,0.17,0.19,15,mass (menu mass_g; USDA form comparable to packaged form),198.0,57.42,4.554,0.396,1.762,55.044,0.465,0.204,4.178,0.337,0.376,29.7
Tea,B,1,2.57,173230,"Beverages, tea, instant, unsweetened, powder",SR Legacy (2018-04),high,instant tea powder,315,0,0,0,0,0,0,0.985,10.8,0.356,0,103,mass (menu mass_g; USDA form comparable to packaged form),1.0,0.0,0.0,0.0,0.0,0.0,0.0,0.01,0.108,0.004,0.0,1.03
Tea w/ Cream & Sugar,B,10.7,41,2710506,"Tea, hot, with milk",FNDDS 2021-2023 (FDC release 2024-10-31),low,brewed tea with milk (as consumed),51,27,0,0.5,0.02,0.1,0.027,0.072,0.054,0.029,0.26,3,energy (menu kcal / USDA kcal per 100 g; corrects dry vs. rehydrated mass),80.4,21.706,0.0,0.402,0.016,0.08,0.022,0.058,0.043,0.023,0.209,2.412
Tea w/ Lemon & A/S,B,2,7,175088,"Beverages, tea, instant, lemon, unsweetened",SR Legacy (2018-04),medium,instant lemon tea unsweetened,345,0,0,0,0.09,0,0.017,0.558,6.168,0.223,0,61,energy (menu kcal / USDA kcal per 100 g; corrects dry vs. rehydrated mass),2.0,0.0,0.0,0.0,0.002,0.0,0.0,0.011,0.125,0.005,0.0,1.238
Tea w/ Lemon & Sugar,B,21,84,175089,"Beverages, tea, instant, lemon, sweetened, powder",SR Legacy (2018-04),high,instant lemon tea sweetened powder,401,0,0,0,0,0,0.011,0,0.125,0.015,0,1,mass (menu mass_g; USDA form comparable to packaged form),21.0,0.0,0.0,0.0,0.0,0.0,0.002,0.0,0.026,0.003,0.0,0.21
Tea w/ Sugar,B,13.5,53,175089,"Beverages, tea, instant, lemon, sweetened, powder",SR Legacy (2018-04),low,lemon-flavored sweetened tea powder used,401,0,0,0,0,0,0.011,0,0.125,0.015,0,1,mass (menu mass_g; USDA form comparable to packaged form),13.5,0.0,0.0,0.0,0.0,0.0,0.001,0.0,0.017,0.002,0.0,0.135
Tea with A/S,B,1.5,5,173230,"Beverages, tea, instant, unsweetened, powder",SR Legacy (2018-04),medium,sweetener not represented,315,0,0,0,0,0,0,0.985,10.8,0.356,0,103,mass (menu mass_g; USDA form comparable to packaged form),1.5,0.0,0.0,0.0,0.0,0.0,0.0,0.015,0.162,0.005,0.0,1.545
Tea with Cream,B,2.7,22,2710506,"Tea, hot, with milk",FNDDS 2021-2023 (FDC release 2024-10-31),low,brewed tea with milk (as consumed),51,27,0,0.5,0.02,0.1,0.027,0.072,0.054,0.029,0.26,3,energy (menu kcal / USDA kcal per 100 g; corrects dry vs. rehydrated mass),43.1,11.647,0.0,0.216,0.009,0.043,0.012,0.031,0.023,0.013,0.112,1.294
Tea with Lemon,B,1.4,5,175088,"Beverages, tea, instant, lemon, unsweetened",SR Legacy (2018-04),high,,345,0,0,0,0.09,0,0.017,0.558,6.168,0.223,0,61,energy (menu kcal / USDA kcal per 100 g; corrects dry vs. rehydrated mass),1.4,0.0,0.0,0.0,0.001,0.0,0.0,0.008,0.089,0.003,0.0,0.884
Teriyaki Beef Steak,I,120,234,2706387,Steak teriyaki,FNDDS 2021-2023 (FDC release 2024-10-31),high,,198,0,0,0.1,0.39,1.4,0.068,0.158,5.072,0.382,1.57,10,mass (menu mass_g; USDA form comparable to packaged form),120.0,0.0,0.0,0.12,0.468,1.68,0.082,0.19,6.086,0.458,1.884,12.0
Teriyaki Chicken,R,37,142,2706433,Chicken or turkey with teriyaki,FNDDS 2021-2023 (FDC release 2024-10-31),medium,ISS item freeze-dried,163,8,0,0,0.39,0,0.069,0.178,7.255,0.242,0.34,9,energy (menu kcal / USDA kcal per 100 g; corrects dry vs. rehydrated mass),87.1,6.969,0.0,0.0,0.34,0.0,0.06,0.155,6.32,0.211,0.296,7.84
Teriyaki Vegetables,R,18.5,47,2710036,"Asian stir fry vegetables, cooked, fat added",FNDDS 2021-2023 (FDC release 2024-10-31),medium,,71,231,35.3,0,0.85,39.3,0.054,0.093,0.771,0.194,0,34,energy (menu kcal / USDA kcal per 100 g; corrects dry vs. rehydrated mass),66.2,152.915,23.368,0.0,0.563,26.015,0.036,0.062,0.51,0.128,0.0,22.507
Tofu w/ Hoisin Sauce,T,142,125,2707477,"Tofu and vegetables excluding carrots, broccoli, and dark-green leafy; no potatoes, with soy-based sauce",FNDDS 2021-2023 (FDC release 2024-10-31),medium,tofu & vegetables with soy-based sauce,93,8,12,0,1.12,20.2,0.046,0.069,0.778,0.108,0.01,30,mass (menu mass_g; USDA form comparable to packaged form),142.0,11.36,17.04,0.0,1.59,28.684,0.065,0.098,1.105,0.153,0.014,42.6
Tofu w/ Hot Mustard Sauce,T,135,111,2707477,"Tofu and vegetables excluding carrots, broccoli, and dark-green leafy; no potatoes, with soy-based sauce",FNDDS 2021-2023 (FDC release 2024-10-31),low,tofu & vegetables with soy-based sauce,93,8,12,0,1.12,20.2,0.046,0.069,0.778,0.108,0.01,30,mass (menu mass_g; USDA form comparable to packaged form),135.0,10.8,16.2,0.0,1.512,27.27,0.062,0.093,1.05,0.146,0.014,40.5
Tomato Basil Soup,T,170,54.4,2709759,"Soup, tomato, canned",FNDDS 2021-2023 (FDC release 2024-10-31),medium,,34,6,2.8,0,0.51,1.1,0.01,0.021,0.38,0.037,0,4,mass (menu mass_g; USDA form comparable to packaged form),170.0,10.2,4.76,0.0,0.867,1.87,0.017,0.036,0.646,0.063,0.0,6.8
Tomatoes & Artichokes,R,15,44.7,2709766,Artichoke,FNDDS 2021-2023 (FDC release 2024-10-31),low,artichoke only,53,1,7.4,0,0.19,14.8,0.05,0.089,1.11,0.081,0,89,energy (menu kcal / USDA kcal per 100 g; corrects dry vs. rehydrated mass),84.3,0.843,6.241,0.0,0.16,12.482,0.042,0.075,0.936,0.068,0.0,75.062
Tomatoes & Eggplant,T,170,65,2710051,Eggplant with cheese and tomato sauce,FNDDS 2021-2023 (FDC release 2024-10-31),low,eggplant with cheese and tomato sauce,90,50,3,0.1,0.67,3.2,0.033,0.113,0.658,0.09,0.33,18,mass (menu mass_g; USDA form comparable to packaged form),170.0,85.0,5.1,0.17,1.139,5.44,0.056,0.192,1.119,0.153,0.561,30.6
Tortillas,NF,60,189,167535,"Tortillas, ready-to-bake or -fry, flour, shelf stable",SR Legacy (2018-04),high,flour tortillas shelf stable,297,0,0,0,0.86,4.2,0.487,0.124,4.191,0.028,0,188,mass (menu mass_g; USDA form comparable to packaged form),60.0,0.0,0.0,0.0,0.516,2.52,0.292,0.074,2.515,0.017,0.0,112.8
Trail Mix,IM,50,215,167561,"Snacks, trail mix, regular",SR Legacy (2018-04),high,,462,1,1.4,,,,0.462,0.198,4.712,0.298,0,71,mass (menu mass_g; USDA form comparable to packaged form),50.0,0.5,0.7,,,,0.231,0.099,2.356,0.149,0.0,35.5
Tropical Fruit Salad,T,142,81,167764,"Fruit salad, (pineapple and papaya and banana and guava), tropical, canned, heavy syrup, solids and liquids",SR Legacy (2018-04),high,,86,6,17.5,0,,,0.054,0.045,0.562,0.12,0,9,mass (menu mass_g; USDA form comparable to packaged form),142.0,8.52,24.85,0.0,,,0.077,0.064,0.798,0.17,0.0,12.78
Tropical Punch,B,25,97,175115,"Beverages, fruit punch-flavor drink, powder, without added sodium, prepared with water",SR Legacy (2018-04),low,fruit punch powder prepared with water (as consumed),37,0,11.8,,0,0,0,0.002,0.001,0,0,0,mass (menu mass_g; USDA form comparable to packaged form),25.0,0.0,2.95,,0.0,0.0,0.0,0.001,0.0,0.0,0.0,0.0
Tropical Punch w/ A/S,B,1.5,5,167681,"Beverages, fruit-flavored drink, dry powdered mix, low calorie, with aspartame",SR Legacy (2018-04),medium,generic low-calorie fruit drink powder with aspartame,218,0,560,0,0,0,0,0,0,0,0,0,mass (menu mass_g; USDA form comparable to packaged form),1.5,0.0,8.4,0.0,0.0,0.0,0.0,0.0,0.0,0.0,0.0,0.0
Tuna,T,74,79,173709,"Fish, tuna, light, canned in water, drained solids (Includes foods for USDA's Food Distribution Program)",SR Legacy (2018-04),high,,86,17,0,1.2,0.33,0.2,0.03,0.084,10.136,0.319,2.55,4,mass (menu mass_g; USDA form comparable to packaged form),74.0,12.58,0.0,0.888,0.244,0.148,0.022,0.062,7.501,0.236,1.887,2.96
Tuna Salad Spread,T,85,100,175160,"Fish, tuna salad",SR Legacy (2018-04),high,,187,24,2.2,,,,0.031,0.07,6.7,0.081,1.2,8,mass (menu mass_g; USDA form comparable to packaged form),85.0,20.4,1.87,,,,0.026,0.06,5.695,0.069,1.02,6.8
Turkey Tetrazzini,R,27,117,2706534,Chicken or turkey tetrazzini,FNDDS 2021-2023 (FDC release 2024-10-31),high,,119,22,0,0.1,0.25,4.8,0.077,0.081,3.934,0.129,0.11,23,energy (menu kcal / USDA kcal per 100 g; corrects dry vs. rehydrated mass),98.3,21.63,0.0,0.098,0.246,4.719,0.076,0.08,3.868,0.127,0.108,22.613
Vanilla Breakfast Drink,B,38.8,136,2710729,Nutritional powder mix (Carnation Instant Breakfast),FNDDS 2021-2023 (FDC release 2024-10-31),medium,Carnation Instant Breakfast powder (flavor unspecified),353,625,76.9,0,9.37,90,0.85,0.2,14.24,1.14,1.71,485,mass (menu mass_g; USDA form comparable to packaged form),38.8,242.5,29.837,0.0,3.636,34.92,0.33,0.078,5.525,0.442,0.663,188.18
Vanilla Pudding,T,114,128,169608,"Puddings, vanilla, ready-to-eat",SR Legacy (2018-04),high,,130,2,0.2,0,0.3,0.6,0.019,0.071,0.057,0.019,0.15,2,mass (menu mass_g; USDA form comparable to packaged form),114.0,2.28,0.228,0.0,0.342,0.684,0.022,0.081,0.065,0.022,0.171,2.28
Vegetable Quiche,R,50,271,2708732,"Spinach quiche, meatless",FNDDS 2021-2023 (FDC release 2024-10-31),medium,spinach quiche meatless,299,264,4.3,0.9,1.22,131.1,0.086,0.265,0.705,0.093,0.49,46,energy (menu kcal / USDA kcal per 100 g; corrects dry vs. rehydrated mass),90.6,239.278,3.897,0.816,1.106,118.823,0.078,0.24,0.639,0.084,0.444,41.692
Vegetarian Vegetable Soup,T,227,95,171559,"Soup, chunky vegetable, canned, ready-to-serve",SR Legacy (2018-04),medium,,39,52,0.7,0,0.17,8.1,0.029,0.043,0.542,0.065,0,7,mass (menu mass_g; USDA form comparable to packaged form),227.0,118.04,1.589,0.0,0.386,18.387,0.066,0.098,1.23,0.148,0.0,15.89
Waffles,NF,43,208,175038,"Waffles, plain, frozen, ready-to-heat",SR Legacy (2018-04),high,,285,381,0,,1.05,7.8,0.62,0.62,7.575,0.898,2.93,108,mass (menu mass_g; USDA form comparable to packaged form),43.0,163.83,0.0,,0.452,3.354,0.267,0.267,3.257,0.386,1.26,46.44
Wheat Flat Bread,NF,57,194,2707730,"Bread, pita, whole wheat",FNDDS 2021-2023 (FDC release 2024-10-31),medium,whole wheat pita,262,0,0,0,0.61,1.4,0.339,0.08,2.84,0.265,0,35,mass (menu mass_g; USDA form comparable to packaged form),57.0,0.0,0.0,0.0,0.348,0.798,0.193,0.046,1.619,0.151,0.0,19.95
Yogurt Covered Granola Bar,NF,35,159,2708092,"Cereal or granola bar, with yogurt coating (General Mills Nature Valley Chewy Granola Bar)",FNDDS 2021-2023 (FDC release 2024-10-31),high,,423,475,0,0,1.7,6.9,0.905,0.542,7.302,0.708,0.01,205,mass (menu mass_g; USDA form comparable to packaged form),35.0,166.25,0.0,0.0,0.595,2.415,0.317,0.19,2.556,0.248,0.004,71.75
